,Pair,Overlap,Original,Higham,Change
3,A-IDX,242,0.8695842254518642,0.8625395905692789,-0.007044634882585332
8,C-IDX,228,0.713574695104135,0.7088095865882723,-0.004765108515862648
6,B-IDX,242,0.7328672759362983,0.7286873854670196,-0.004179890469278691
9,D-IDX,96,0.6056912604968271,0.6019639543350885,-0.0037273061617385528
1,A-C,221,0.43088848324728374,0.4331653340005011,0.0022768507532173743
0,A-B,242,0.468625682007962,0.4706229055195907,0.0019972235116286763
2,A-D,93,0.43844906518240534,0.4402300361327153,0.0017809709503099347
4,B-C,221,0.46302347974939484,0.46437443503976356,0.001350955290368716
7,C-D,83,0.18461491543348163,0.18581959388499483,0.0012046784515132025
5,B-D,93,0.27669213880186655,0.2777488668829297,0.001056728081063163
