,Day,Demeaned return
0,1,-0.009888876153482783
1,2,-0.007635572800770883
2,3,0.0017814084247735798
3,4,-0.024546968488639142
4,5,-0.0007187223431975962
5,6,-0.022981337680008217
6,7,0.011065624882943038
7,8,0.005626146475873108
8,9,0.001209740908637337
9,10,0.001953945736588682
10,11,-0.026190430606488412
11,12,0.0014955847793267543
12,13,-0.0006413805514370416
13,14,0.010684619536403196
14,15,0.010360603689818716
15,16,-0.020989793194048378
16,17,0.007663237010351089
17,18,-0.0046872773579193045
18,19,-0.00849402675112888
19,20,0.005843816395089564
20,21,-0.007785428619825461
21,22,-0.023729927081599277
22,23,0.001096577008877543
23,24,-0.004820018144675929
24,25,-0.0013260462973369122
25,26,0.01128934360214483
26,27,-0.00273844972726701
27,28,0.010913033103712378
28,29,0.007166978616470078
29,30,-0.009618666543432474
30,31,0.012445885285137893
31,32,0.006864623326255028
32,33,-0.0036815995335712877
33,34,0.00709437669481371
34,35,0.020277963649272913
35,36,-0.0018832404755468977
36,37,-0.020915524423088982
37,38,-0.0054455748065717164
38,39,0.0018787168415541524
39,40,-0.008895430475612375
40,41,-0.005756873923044479
41,42,-0.012116512403858814
42,43,-0.00445038117909181
43,44,-0.002707860652345527
44,45,-0.02291173945284942
45,46,0.01776919269951115
46,47,0.014479076676789927
47,48,-0.017289317565087347
48,49,0.0030637791309684375
49,50,0.007162876416464394
50,51,0.00738232304959018
51,52,-0.006471584425359121
52,53,-0.004192515630150338
53,54,0.011366675613722944
54,55,-0.007989487008149176
55,56,0.0014698357649647234
56,57,-0.016476645910578635
57,58,-0.015927594003119504
58,59,-0.014715964506457745
59,60,-0.014509535596292988
60,61,0.008162321294091324
61,62,0.008817276646607242
62,63,-0.008752583407461222
63,64,-0.022488970937092023
64,65,0.013626779354615415
65,66,0.008966066175636323
66,67,-0.0013379724888920128
67,68,0.013734261406074245
68,69,0.009950864684747696
69,70,0.014260082177533374
70,71,0.016169627526336095
71,72,-0.0007783507772956097
72,73,-0.014716347194899126
73,74,0.0030886732430195256
74,75,0.004289248382185242
75,76,-0.0019255621907464757
76,77,-7.075805665080902e-05
77,78,-0.01425500591938612
78,79,-0.010537959883418224
79,80,0.005969390344794147
80,81,-0.002836447690065423
81,82,-0.003880909272964926
82,83,-0.008467243943099844
83,84,-0.006280820529326335
84,85,0.020110924245940288
85,86,0.003832283266265381
86,87,0.007559983456249632
87,88,0.020925074770149033
88,89,0.012213218830799056
89,90,0.0036159634811239088
90,91,-0.0014534629277204267
91,92,-0.012756277441337793
92,93,-0.0056098783156141125
93,94,-0.002627401703192543
94,95,0.0044284317015463774
95,96,-0.0024739894975386407
96,97,-0.010614707463338379
97,98,-0.007684811933299183
98,99,0.013257957233072649
99,100,0.005831742152206045
100,101,0.007831459253377238
101,102,0.007699381909485927
102,103,-0.001731600699820489
103,104,-0.0003341563743047935
104,105,0.0032019600068890946
105,106,0.0018621879598821236
106,107,0.004379296208422802
107,108,-0.011018716724888532
108,109,0.015463581496471857
109,110,-0.008919311535487095
110,111,-0.010124873198849593
111,112,0.00011457499738120182
112,113,0.0029021840309266704
113,114,-0.0014928837490125843
114,115,0.01481372210466846
115,116,0.016953590372204886
116,117,-0.0020358022759707868
117,118,0.014797591710700376
118,119,0.010291780341338253
119,120,0.00945898384450249
120,121,0.010772248291921017
121,122,-0.015596132024159558
122,123,0.008523147269793075
123,124,-0.010889442215880962
124,125,0.014736050396274781
125,126,0.032097296096761145
126,127,-0.011414794319592591
127,128,0.006083268793055864
128,129,-0.0048980433197285496
129,130,0.01059560378802148
130,131,0.0013201455352593774
131,132,0.023531975041752185
132,133,-0.01764420692749592
133,134,-0.009646707992548197
134,135,0.0015792411598076663
135,136,0.01945791519733774
136,137,0.002604696663308416
137,138,-0.0018809521573054475
138,139,-0.001190114865855639
139,140,-0.0008985957750697979
140,141,-0.0011372133696053819
141,142,0.010844441861267418
142,143,-0.0010866676952043894
143,144,-0.011634007787607491
144,145,0.004712548467125312
145,146,0.0009059658097374426
146,147,0.0029339539470551916
147,148,-0.012176033345620462
148,149,-0.01251519437619587
149,150,0.0032062559992775868
150,151,0.002393246999946576
151,152,0.010533934524449718
152,153,0.004560310818972448
153,154,-0.00542831751648055
154,155,-0.01579475174842083
155,156,-0.0015191803850668304
156,157,0.004886251812011179
157,158,-0.0058418245919350615
158,159,0.006378884141360776
159,160,0.010839439062555013
160,161,0.00961222641974845
161,162,-0.004599502114118646
162,163,-0.016989374435414383
163,164,0.018028402829029833
164,165,-0.018724199627832682
165,166,0.0037427755258683153
166,167,-0.00028997229545980473
167,168,0.0012900661104599989
168,169,0.0011115770950829065
169,170,0.0010257493118399532
170,171,-0.003647052311977604
171,172,-0.008688461949038728
172,173,0.005860705347064722
173,174,0.007100739321811646
174,175,-0.007460962970997863
175,176,-0.016032699557013707
176,177,-0.004303280910068939
177,178,0.008829294455443549
178,179,0.0062663952563006735
179,180,0.010906034529142728
180,181,0.0036052994411741495
181,182,-0.013128489819854271
182,183,-0.003450017865560549
183,184,0.016001213345061095
184,185,0.0013496321179067197
185,186,0.0016676648741191693
186,187,0.004136702732688837
187,188,0.013275231871114224
188,189,-0.01934701934161066
189,190,0.01133949635517827
190,191,0.009146265261042997
191,192,-0.0006395251031732316
192,193,-0.006704175355512719
193,194,0.002069620780581029
194,195,0.0034647524451012395
195,196,-0.008460435648815611
196,197,-0.006260492646378744
197,198,0.0021711962483186202
198,199,-0.008856640009539462
199,200,-0.004407256846053818
200,201,-0.0011967954926431865
201,202,0.0045436553634121595
202,203,-0.0014763380287880032
203,204,0.007412982264211267
204,205,0.010354580410707238
205,206,0.003433807509755073
206,207,-0.025400131478579013
207,208,0.017760625013901733
208,209,-0.0022575779661410207
209,210,-0.004403092343922564
210,211,-0.015262352844289017
211,212,-0.010481751443644171
212,213,-0.0036766816698702394
213,214,0.0014138773584360012
214,215,-0.010384221769777168
215,216,0.002836135450632539
216,217,-0.001999537196754507
217,218,-0.02141684637685227
218,219,-0.012099738362535317
219,220,0.010526053359401145
220,221,-7.364410590247937e-06
221,222,0.012920807382175593
222,223,0.0037126463030969685
223,224,0.004927917276656303
224,225,-0.016005204783731807
225,226,0.014229069795603334
226,227,-0.0008102612165235099
227,228,0.007554028656449931
228,229,-0.004305779374057082
229,230,-0.012414913591884857
230,231,0.016858099796551274
231,232,-0.02444305979321849
232,233,0.023717438471280373
233,234,-0.007794497023104761
234,235,-0.0002516232461755683
235,236,-0.0006026736578908052
236,237,-0.006766777349349061
237,238,-0.013410294799896205
238,239,-0.012928613220583706
239,240,-0.011335855360272495
240,241,0.006210804730768506
241,242,0.011639749613451923
242,243,0.007412384263045348
243,244,0.01620610983017178
244,245,0.00737836982191963
245,246,-0.016325370890199486
246,247,-0.004228032138126068
247,248,0.005256816614740191
248,249,-0.014860573509006724
249,250,-0.007761443469924588
250,251,0.0006221353687050249
251,252,0.008432846980930043
252,253,-0.005512171481211202
253,254,-0.007476268821850827
254,255,0.0033000197332806363
255,256,-0.020511342229808226
256,257,-0.0012008000470498201
257,258,0.008085526993477855
258,259,-0.022391267350886156
259,260,-0.011192917039126515
260,261,-0.0008722997300443334
261,262,0.01310374969060989
262,263,0.012662437046805575
263,264,0.008988994242524962
264,265,-0.004924292602545686
265,266,0.0023780040539005303
266,267,0.0002919065013549007
267,268,0.003895232722723287
268,269,-0.008884491772377389
269,270,-0.0064757910222114174
270,271,-0.0027022215728300754
271,272,-0.0179376716624431
272,273,0.008047195782406414
273,274,0.00026176381245489734
274,275,-0.009713264590870418
275,276,0.00984438585770241
276,277,-0.0018668686279986843
277,278,0.003910324837423031
278,279,0.011932661948418122
279,280,-0.0038772212875502017
280,281,-0.004854576714343538
281,282,0.0042458537381091415
282,283,-0.01571801005641772
283,284,0.01406675779019161
284,285,0.0008775852338644876
285,286,0.014814747019689978
286,287,0.013113918308435658
287,288,-0.006729271981884342
288,289,-0.001901345320122659
289,290,0.006455265731074124
290,291,0.0024826336791450203
291,292,0.006427333706887185
292,293,0.008130024915770962
293,294,-0.012313556355787802
294,295,0.005710763662728037
295,296,-0.0065579624379407215
296,297,0.012026125073834704
297,298,0.012643793176173802
298,299,0.006294638469772175
299,300,0.0073751150772309775
300,301,0.01602340763685083
301,302,-0.017440621848853432
302,303,0.013571432928511696
303,304,0.01329664883040359
304,305,-0.0007083857563684557
305,306,0.0031372656075676535
306,307,-0.005703134782014017
307,308,-0.011129575136604185
308,309,-0.00040284235967969905
309,310,-0.012006219352548208
310,311,-0.005868656843846197
311,312,0.0031503489864550442
312,313,-0.01939548180616325
313,314,-0.012455208383309501
314,315,-0.0023588900539386433
315,316,-0.004533831325836522
316,317,-0.0004241727193520326
317,318,-0.0022752035947412137
318,319,-0.0056048568323964305
319,320,0.013000138124026773
320,321,0.014129685204967702
321,322,-0.005291726434489617
322,323,0.009823197444226429
323,324,0.001656362253615863
324,325,-0.019234263233446246
325,326,0.003690804529681059
326,327,-0.002088456448016483
327,328,0.013932468875512461
328,329,-0.006678725340862566
329,330,0.008862250937319283
330,331,0.0057903734437825165
331,332,-0.015078096433719056
332,333,0.011552765579713398
333,334,0.0043814773036079295
334,335,0.001563183929802249
335,336,0.00611400614389578
336,337,-0.008002266167187366
337,338,0.004410231896056595
338,339,-0.0022982406460142586
339,340,0.004026613844212425
340,341,0.006483460535661613
341,342,0.005978658352134393
342,343,-0.024660068581509497
343,344,-0.019775982529068658
344,345,-0.008333825154637885
345,346,-0.003700204612518086
346,347,0.0013459097677859147
347,348,0.0008896116656655808
348,349,0.004841618252375381
349,350,0.0002453133568231971
350,351,0.00890337375603888
351,352,0.022546576776009342
352,353,-0.009355519882402363
353,354,-1.6485197201331113e-05
354,355,0.0029570584160622986
355,356,-0.0007875214126208494
356,357,0.013163910067904173
357,358,0.016896823141667728
358,359,-0.008569999574836961
359,360,-0.004583112964633772
360,361,0.0012908921663385877
361,362,0.003690521559223549
362,363,0.014681133669830471
363,364,-0.01024615750753367
364,365,0.013538567161991411
365,366,-0.002824223666160762
366,367,-0.0020159581662879773
367,368,-0.005339030705241231
368,369,-0.004323796473018958
369,370,0.007004192448408543
370,371,0.007702313847512955
371,372,0.013974514118302295
372,373,0.017319037639180513
373,374,-0.002118334044560531
374,375,0.005022423993934923
375,376,-0.012517048445878542
376,377,-0.006683146262764682
377,378,-0.0008190391355675883
378,379,-0.0019523111677778413
379,380,0.014387009940030938
380,381,0.0002654112803483946
381,382,-0.011340275461162463
382,383,-0.0031146775424593194
383,384,-0.001946749282771064
384,385,0.002543436208231266
385,386,0.009032159677647023
386,387,-0.0037885692891723817
387,388,0.013483261914375422
388,389,-0.008875337886291478
389,390,-0.008791056175612277
390,391,0.01380216133176403
391,392,0.001109131292052802
392,393,-0.01412335199596627
393,394,0.005478603357958346
394,395,-0.007088352047641143
395,396,0.0062901081360251425
396,397,0.005769614473430486
397,398,-0.002633826692101336
398,399,-0.009297679776220879
399,400,0.009331639549906779
400,401,0.02153690242611982
401,402,-0.013628054814417211
402,403,-0.018770277645639554
403,404,-0.008962543262748267
404,405,-0.0018111104171583223
405,406,-0.008535236004682322
406,407,0.007359250851068468
407,408,0.011427711271342112
408,409,0.004527360415008443
409,410,0.01049708866469622
410,411,0.010926833523936742
411,412,0.00605655342861965
412,413,-0.00954659096034528
413,414,0.005263749408226372
414,415,0.014552346891855795
415,416,0.009354620343176679
416,417,-0.009529532474455659
417,418,0.01344186799628332
418,419,-0.002857351662665218
419,420,-0.006330540590662635
420,421,-6.915444733125308e-05
421,422,-0.005910989078050331
422,423,0.00844240045445498
423,424,0.003931220247016078
424,425,0.011764308620584741
425,426,-0.002244083133867379
426,427,0.0035659426166292267
427,428,0.01170326011963162
428,429,0.0009084824951110973
429,430,0.011281676214939907
430,431,0.0037058981330924017
431,432,-0.0018674988772824461
432,433,-0.006555360177074153
433,434,0.002928783484058552
434,435,0.0008999310216446412
435,436,0.014508580955231876
436,437,-0.008186088792996437
437,438,0.010820921739941303
438,439,-0.021233993966469977
439,440,0.0030091601591612964
440,441,-0.004757363030412641
441,442,0.0009858081381295305
442,443,-0.008502874998468812
443,444,-0.005731826146857087
444,445,-0.026051296216797037
445,446,-0.013109079355994046
446,447,0.006621852380666472
447,448,0.014080341162140842
448,449,-0.010178770398367131
449,450,0.0017358590114417885
450,451,0.005613272073821331
451,452,0.01602309908391696
452,453,0.008186644181832115
453,454,0.0036013284755733637
454,455,-0.012166293612016831
455,456,0.0018860713626873595
456,457,0.009593681121079268
457,458,-0.001322312331233931
458,459,0.006116814385687998
459,460,0.002996856438626673
460,461,-0.0037665329383533936
461,462,0.025712241843240047
462,463,-0.016489989209469324
463,464,0.009586719475148432
464,465,-0.005788056601145129
465,466,0.023607595716800257
466,467,0.03202399831575952
467,468,0.01003446760063963
468,469,0.0036074370704377483
469,470,0.016143733918164472
470,471,-0.018272830288681218
471,472,0.05635126337740214
472,473,-0.023771042145140486
473,474,0.013081436868940467
474,475,-0.016063301244387162
475,476,0.027144293043995116
476,477,0.003617261161732878
477,478,-0.05760369839065183
478,479,0.033021725643295634
479,480,-0.017084125174965503
480,481,0.0007620077821210893
481,482,-0.009061690681662748
482,483,0.04103215037920526
483,484,-0.014606124876399906
484,485,-0.023752821996439254
485,486,-0.015306631711327411
486,487,0.02874040675755273
487,488,-0.0067721654640983215
488,489,0.00016560270799303024
489,490,-0.022440461561678237
490,491,-0.024095064446946212
491,492,-0.016250182898367115
492,493,0.012905812327306244
493,494,-0.02057446289498067
494,495,-0.011821462840305507
495,496,-0.05035225729173632
496,497,0.01338950763865564
497,498,-0.021546383658298095
498,499,-0.023648114019893984
499,500,-0.028111280959617468
