,Row,Gaussian log density,t log density,Difference,Central fitted uniforms,Central empirical ranks
0,1,0.22109962205310252,0.21668718667215137,-0.004412435380951152,True,True
1,2,0.2509413382639636,0.4466622379042624,0.19572089964029882,True,True
2,3,1.7882661170979022,1.767425066201211,-0.020841050896691193,False,False
3,4,0.6574510498057418,0.3910452691869928,-0.266405780618749,False,False
4,5,-1.940208258547143,-0.026771548557018576,1.9134367099901244,False,False
5,6,1.648319446306163,2.0267378528099425,0.37841840650377945,True,True
6,7,-0.41709492875822907,-0.6467350095360791,-0.22964008077785003,True,True
7,8,0.2715879295915613,0.41737944856248355,0.14579151897092224,True,True
8,9,0.13311079282291205,0.17862647772735674,0.045515684904444687,True,True
9,10,0.2874685150076508,0.5053206904108776,0.21785217540322677,True,True
10,11,0.29403133852513186,0.37445374999352987,0.08042241146839801,True,True
11,12,-0.18062311066688963,-0.33508907097791374,-0.1544659603110241,True,True
12,13,0.004625497805513135,-0.04783720559233551,-0.05246270339784864,True,True
13,14,0.696428029135101,0.9148464806785288,0.21841845154342776,True,True
14,15,0.4722096020506914,0.17635691307254753,-0.2958526889781439,False,False
15,16,0.157298762773455,0.12872504991158618,-0.028573712861868827,True,True
16,17,0.20445285927693835,0.32903232170643504,0.12457946242949669,True,True
17,18,0.7216120333474301,0.498098512214292,-0.22351352113313805,True,True
18,19,-0.6426841207456606,-0.8152452009321545,-0.17256108018649385,True,True
19,20,1.8134623984600875,1.8383001146240154,0.024837716163927936,False,False
20,21,0.08268835130722607,-1.0962591307010516,-1.1789474820082777,False,False
21,22,0.37913826522768224,0.7125042713049017,0.33336600607721945,True,True
22,23,0.6190226394235125,0.5393788315841457,-0.07964380783936686,True,True
23,24,1.1625047793201126,1.1641125702259014,0.0016077909057887751,True,True
24,25,-0.07680770929271441,-0.18372144967183024,-0.10691374037911583,True,True
25,26,0.21344931615112728,0.3343475847353141,0.12089826858418684,True,True
26,27,0.6068188372464789,0.6266148683067243,0.01979603106024541,True,True
27,28,0.0034566229696295636,-0.07913968542026595,-0.08259630838989551,True,True
28,29,0.49797996487092,0.653315988884009,0.155336024013089,True,True
29,30,2.5433790707297295,2.7721811743405125,0.22880210361078301,False,False
30,31,1.1242061671441146,0.9734206516492518,-0.15078551549486274,True,False
31,32,0.4707279756953744,0.7612245173220415,0.29049654162666716,True,True
32,33,0.34938806446778337,0.6429571976500137,0.2935691331822303,True,True
33,34,0.8798176607290267,0.7240182257743992,-0.15579943495462745,True,True
34,35,-0.8032473026160476,-1.3037789147402767,-0.5005316121242291,False,False
35,36,0.37701072292520044,0.6606284735277659,0.28361775060256544,True,True
36,37,0.6985788120887539,0.5878023245404567,-0.11077648754829728,True,True
37,38,-0.9036089377977481,-0.6844266080532719,0.21918232974447616,True,True
38,39,0.36843471514368975,0.6592432073196273,0.2908084921759375,True,True
39,40,0.4212410668518829,0.7781819930133058,0.3569409261614229,True,True
40,41,0.24284030266062473,0.39725150279081056,0.15441120013018583,True,True
41,42,0.1935063083862496,0.004275749593778855,-0.18923055879247075,True,True
42,43,1.6576353730745064,1.9546487076521144,0.29701333457760803,True,True
43,44,-0.9037856060623319,-1.0488007845055076,-0.14501517844317569,True,True
44,45,-0.6083875509552144,-1.0172785701688198,-0.4088910192136055,True,True
45,46,-1.6684381489770495,-1.7689499477209685,-0.10051179874391902,False,False
46,47,0.703579555430458,1.0073690758825187,0.30378952045206065,True,True
47,48,2.9661561432086847,3.452130848826388,0.4859747056177035,False,False
48,49,0.1814131873669802,0.2874760835318364,0.1060628961648562,True,True
49,50,-0.896468295338269,-1.1495802115014584,-0.2531119161631894,False,False
50,51,0.3374258091593947,0.5992681220417158,0.26184231288232107,True,True
51,52,0.6766371100461521,0.5383284234695598,-0.13830868657659234,True,True
52,53,0.5009738760255464,0.8468962582511388,0.34592238222559235,True,True
53,54,-2.2218591191195323,-0.910804702840359,1.3110544162791733,False,False
54,55,-0.061084930498640055,-0.2526254740061997,-0.19154054350755967,True,True
55,56,0.7721912303327985,0.9258454568433261,0.15365422651052763,True,True
56,57,0.5211315030715076,0.7316561615669146,0.21052465849540702,True,True
57,58,-0.01166037921705776,-0.050448230734357224,-0.038787851517299465,True,True
58,59,0.12028298922918212,0.03014796898214067,-0.09013502024704145,True,True
59,60,0.5413334226505966,0.665389190929147,0.12405576827855036,True,True
60,61,-1.3059168972541269,-0.0566563455453295,1.2492605517087974,False,False
61,62,0.421268853579285,0.6002752159008011,0.17900636232151612,True,True
62,63,0.3716606302815775,0.6294650831651079,0.2578044528835304,True,True
63,64,-0.4744733856574115,-0.8196552744003336,-0.3451818887429221,True,True
64,65,1.7334370201106926,2.093240300807299,0.3598032806966063,True,True
65,66,2.033102687864222,1.814221727422515,-0.21888096044170702,False,False
66,67,0.19385658719940269,0.3152285818619589,0.12137199466255622,True,True
67,68,0.38245651736968433,0.3923473018561636,0.009890784486479287,True,True
68,69,0.116431376593094,0.1252842858191272,0.008852909226033212,True,True
69,70,0.36534395801850916,0.17077315326817377,-0.1945708047503354,True,True
70,71,0.4697330783659446,0.7207232490226336,0.25099017065668905,True,True
71,72,0.05589467283389116,-0.4156105602423388,-0.47150523307622993,False,False
72,73,3.952301788751072,4.979367068308457,1.0270652795573856,False,False
73,74,1.5575926750620837,1.7838625357329887,0.22626986067090504,True,True
74,75,0.07056361720336746,-0.06116223605781457,-0.13172585326118202,True,True
75,76,-0.840165255790863,0.27430262300079633,1.1144678787916593,False,False
76,77,0.6723631092790008,0.6164393443342222,-0.055923764944778576,True,True
77,78,0.20570255034174778,-0.4286499021146417,-0.6343524524563895,False,False
78,79,-0.21660263654174594,-0.335096182610493,-0.11849354606874707,True,True
79,80,0.32095961796609807,0.4513962201605808,0.13043660219448272,True,True
80,81,-0.4696460908904796,-0.6655756582455163,-0.19592956735503675,True,True
81,82,0.20580803580839646,0.130008524782113,-0.07579951102628346,True,True
82,83,1.889392182453368,1.8258296783800656,-0.06356250407330233,False,False
83,84,0.35936515452558604,0.1907345246336849,-0.16863062989190114,True,True
84,85,0.658572348549328,0.9963644131238962,0.33779206457456823,True,True
85,86,0.2977639403563703,0.46448027102100475,0.16671633066463443,True,True
86,87,-5.249474551661491,0.8471762927363002,6.096650844397791,False,False
87,88,0.32842912783925104,0.5733194585140584,0.24489033067480737,True,True
88,89,-0.3733007882717345,-0.153848552899027,0.21945223537270753,True,True
89,90,0.4531030795125712,0.5882000591238072,0.135096979611236,True,True
90,91,0.6616511103177847,1.0058918556793097,0.34424074536152505,True,True
91,92,0.2203363145518722,0.12379708317792204,-0.09653923137395015,True,True
92,93,-3.2774144414918016,-1.6282595716239605,1.649154869867841,False,False
93,94,0.07237524114807581,0.06669520596366407,-0.005680035184411736,True,True
94,95,-0.029693315497310913,-0.13635768929864067,-0.10666437380132976,True,True
95,96,0.06923792854565036,0.028908962579878406,-0.04032896596577196,True,True
96,97,0.44716190699989866,0.7921056609820085,0.34494375398210986,True,True
97,98,0.4541779593308264,0.5052885361547519,0.0511105768239255,True,True
98,99,0.31737171918309093,0.43329064543908036,0.11591892625598943,True,True
99,100,-0.42524656845009634,-0.6926104938789353,-0.2673639254288389,True,True
100,101,-0.3640034021059906,-0.5212918631278716,-0.157288461021881,True,True
101,102,0.364375411647043,0.7081099782752616,0.34373456662821855,True,True
102,103,0.33178630294641875,0.5662525580297189,0.2344662550833001,True,True
103,104,0.3775968699244334,0.7405971216681375,0.3630002517437041,True,True
104,105,0.6993081677625073,0.9011352973240365,0.20182712956152926,True,True
105,106,0.9927070236006745,0.9932852747194181,0.0005782511187435446,True,True
106,107,0.3257672516117718,0.5254207254940795,0.1996534738823077,True,True
107,108,-0.6785909930704337,-0.5664430331779826,0.11214795989245108,True,True
108,109,1.2873094819892383,1.352920605550561,0.06561112356132259,True,True
109,110,0.9773517507970659,1.0520358573246593,0.07468410652759339,True,True
110,111,-0.24789791676582418,-0.5820721632453916,-0.3341742464795674,True,True
111,112,-0.06245422255070121,-0.1522474597702521,-0.0897932372195509,True,True
112,113,0.38144350768500246,0.26215113575344784,-0.11929237193155462,True,True
113,114,-2.082587284903001,-1.670884190295829,0.411703094607172,False,False
114,115,0.8741058780685478,0.7283153784363581,-0.1457904996321897,True,True
115,116,0.27125395845230615,0.01513284156533068,-0.2561211168869755,True,True
116,117,-1.1113559530821586,-0.5806000788403809,0.5307558742417777,True,True
117,118,0.3233997197923286,0.592675535112364,0.2692758153200354,True,True
118,119,0.48223090317956663,0.8024903879562353,0.32025948477666866,True,True
119,120,0.35122811376965535,0.6236273522098612,0.27239923844020586,True,True
120,121,1.1772095755526668,1.2208725484533982,0.0436629729007314,True,True
121,122,0.20341452327491494,0.06726820181708426,-0.13614632145783068,True,True
122,123,0.37657391259631234,0.7219829378999245,0.34540902530361217,True,True
123,124,0.4778100665686815,0.6091211792290361,0.13131111266035456,True,True
124,125,-1.9934514613446659,-1.5057921506395902,0.48765931070507573,False,False
125,126,0.8842391789595005,1.1835569136721937,0.2993177347126932,True,True
126,127,0.7713101621193674,0.8273917420089187,0.056081579889551314,True,True
127,128,0.8302364842127243,0.7107853796805843,-0.11945110453214003,True,True
128,129,0.5861211221577123,0.5936852044405807,0.007564082282868423,True,True
129,130,-0.4104643447919889,-0.7292146117899989,-0.31875026699801,True,True
130,131,0.004935559481865859,-0.0775008435669795,-0.08243640304884536,True,True
131,132,0.1398181546912789,0.19667314163011884,0.056854986938839946,True,True
132,133,-0.4322393922711316,-0.5221426439521109,-0.08990325168097923,True,True
133,134,0.8347472477859492,0.7637433384977896,-0.07100390928815958,True,True
134,135,0.47030429852729183,0.790503404615635,0.3201991060883431,True,True
135,136,1.4815204370073185,1.5585710575323102,0.07705062052499168,False,False
136,137,-0.4512347232691951,-0.543712468684741,-0.09247774541554588,True,True
137,138,1.8411745996029278,1.646506615140928,-0.19466798446199984,False,False
138,139,-0.32305208334744995,-0.518097207418819,-0.1950451240713691,True,True
139,140,0.36458464414505354,0.7082971221976315,0.343712478052578,True,True
140,141,1.886192092035805,1.7535905958118878,-0.13260149622391726,False,False
141,142,0.43609576828699614,0.5868680428627306,0.1507722745757345,True,True
142,143,-0.46608382920690383,-0.8889404591321393,-0.4228566299252354,True,True
143,144,-2.8935244324053837,-1.7959000234856983,1.0976244089196854,False,False
144,145,0.3497347993630835,0.6619930041710127,0.3122582048079292,True,True
145,146,0.30817245129558435,0.4389176701626716,0.13074521886708723,True,True
146,147,0.26911600006976366,0.43441274128199225,0.1652967412122286,True,True
147,148,-0.5506964953156319,-0.7641573613966006,-0.2134608660809687,True,True
148,149,0.2389859812914037,0.3674884343178033,0.12850245302639962,True,True
149,150,0.6423104784728033,0.7996079638041902,0.15729748533138688,True,True
150,151,-0.3574356507469947,0.10567831481322987,0.46311396556022455,False,False
151,152,-0.20989366953804112,-0.3760746999207445,-0.16618103038270338,True,True
152,153,0.28892711073249266,0.252913822762987,-0.03601328796950565,True,True
153,154,1.144357842649617,1.0236690508992083,-0.1206887917504087,False,False
154,155,-0.40233936843777585,-0.7835441179084626,-0.3812047494706867,True,True
155,156,0.05498969291718847,0.06218482915125012,0.00719513623406165,True,True
156,157,1.1637027058868354,1.2849561401616452,0.12125343427480972,True,True
157,158,-2.6960598753103593,-2.131776792745182,0.5642830825651775,False,False
158,159,1.3426072280620307,1.456815008008796,0.11420777994676534,True,False
159,160,1.1307239485402465,1.115502200905972,-0.015221747634274418,True,True
160,161,2.190342493608677,2.3515308687967655,0.1611883751880887,False,False
161,162,-1.0836281046343306,-0.7984953848257828,0.2851327198085478,True,True
162,163,0.35883616427936316,0.6941409772847527,0.3353048130053895,True,True
163,164,0.27548053917815185,0.3441856273088324,0.06870508813068055,True,True
164,165,2.172943671974684,2.5546884222702406,0.38174475029555666,False,False
165,166,2.5991276468378857,2.7683251171884304,0.16919747035054478,False,False
166,167,-0.5204218731690351,-0.7057418345524811,-0.18531996138344597,True,True
167,168,0.8216698342893118,1.0624620990298297,0.24079226474051785,True,True
168,169,2.153753974985361,2.519315293475657,0.36556131849029594,False,False
169,170,0.47667192422320515,0.4910631658164535,0.014391241593248338,True,True
170,171,0.2690073657409684,0.48175124924288193,0.21274388350191353,True,True
171,172,0.20378025838280234,-0.9627463044012066,-1.166526562784009,False,False
172,173,0.28544779549917054,0.17987100304521775,-0.1055767924539528,True,True
173,174,0.6501640066202912,0.72346422670697,0.0733002200866788,True,True
174,175,0.32281811818585604,0.4205629804128228,0.09774486222696677,True,True
175,176,0.09743174479733785,0.08922080937965093,-0.008210935417686915,True,True
176,177,-1.6174609619491918,-1.48648032739165,0.13098063455754172,False,False
177,178,-0.04162807691478143,0.07147045161870924,0.11309852853349067,False,False
178,179,1.05167250780594,1.3612638548195974,0.30959134701365754,True,True
179,180,0.044154060611241164,-0.015948536414626346,-0.06010259702586751,True,True
180,181,0.4814296404842544,0.20629352110573596,-0.27513611937851845,False,False
181,182,1.3329694361113482,1.3865317712641723,0.05356233515282405,True,False
182,183,0.036287005119615134,-0.04671911342910384,-0.08300611854871898,True,True
183,184,0.3144160126326403,-0.6426362102702576,-0.9570522229028979,False,False
184,185,0.9173103662966615,1.134489031276789,0.2171786649801275,True,True
185,186,0.3545747414456364,0.6008892423003402,0.24631450085470386,True,True
186,187,1.1021010596226022,1.1049635379548466,0.0028624783322444003,True,True
187,188,0.8941963285951298,0.8452473413794621,-0.04894898721566765,True,True
188,189,1.122572426078651,1.3649032390806348,0.2423308130019839,True,True
189,190,1.2821200115279527,1.3753803292078661,0.09326031767991338,True,True
190,191,0.5639447111667946,0.5777572245902669,0.013812513423472339,True,True
191,192,0.37126384176422667,0.5943062682829838,0.22304242651875716,True,True
192,193,0.5075652831524478,0.4368884702174274,-0.07067681293502037,True,True
193,194,0.2183006166144148,0.3096455456213989,0.0913449290069841,True,True
194,195,0.560658572593665,0.09859864333092894,-0.4620599292627361,False,False
195,196,1.2742656648730044,1.3398939909854173,0.06562832611241287,True,True
196,197,1.5292719572347373,1.8047775777526196,0.2755056205178823,True,True
197,198,0.021459316125806538,-0.00035019427066140807,-0.021809510396467946,True,True
198,199,1.2777746602153526,1.2192167918810455,-0.058557868334307095,False,True
199,200,-0.11904395457677941,-0.22454901461500798,-0.10550506003822857,True,True
200,201,0.28333648236288544,0.2561093653477444,-0.027227117015141022,True,True
201,202,-0.05112750346339734,-0.7121525926896437,-0.6610250892262464,False,False
202,203,2.590806293191302,3.0282317427061196,0.43742544951481754,False,False
203,204,1.2487137414483054,1.256608502621872,0.007894761173566689,True,True
204,205,0.33215056426951506,-0.1359086381160548,-0.46805920238556986,False,False
205,206,-0.429784124163783,-0.35384311453407236,0.07594100962971062,True,True
206,207,0.4683244313297408,0.6387007742349882,0.1703763429052474,True,True
207,208,0.65532026918387,0.8509193157314998,0.19559904654762983,True,True
208,209,0.48899358559986084,0.41929703220641645,-0.06969655339344438,True,True
209,210,0.45146267299731724,0.4291789637139991,-0.02228370928331813,True,True
210,211,0.5980823678256701,0.5954267585525002,-0.00265560927316999,True,True
211,212,0.20063062858935066,0.3130946872230105,0.11246405863365982,True,True
212,213,0.5648154415368238,0.6100456322012215,0.04523019066439771,True,True
213,214,0.5612515408817242,0.6481043375981619,0.08685279671643764,True,True
214,215,0.018346788609350018,-0.07439540035260528,-0.0927421889619553,True,True
215,216,-0.2885218121549631,-0.6145584991140973,-0.32603668695913424,True,True
216,217,0.06417180804441003,-0.35219219560644177,-0.4163640036508518,True,True
217,218,0.21860067503668912,0.33050016387744474,0.11189948884075562,True,True
218,219,-4.250291132561665,-1.8713749427530697,2.378916189808595,False,False
219,220,0.4142356277766366,0.635250994559641,0.22101536678300437,True,True
220,221,0.6950243448882278,0.9987496007143957,0.30372525582616783,True,True
221,222,0.23561685315235836,0.32405527888688823,0.08843842573452987,True,True
222,223,2.6285292596501595,2.769312676282567,0.14078341663240757,False,False
223,224,0.7739657327492484,0.48527111722890304,-0.28869461552034537,True,True
224,225,1.1472340696115673,1.4928545240336222,0.3456204544220549,True,True
225,226,0.3108696431973841,0.5211343532044759,0.2102647100070918,True,True
226,227,0.07131146237856889,-0.024841085288135112,-0.096152547666704,True,True
227,228,0.2854577162183656,0.5109627422110012,0.22550502599263567,True,True
228,229,-0.6859504965159275,-0.834811468972398,-0.14886097245647045,True,True
229,230,0.07509451270718515,0.059278742487401725,-0.01581577021978342,True,True
230,231,0.03530919526003684,-0.07771056634216444,-0.11301976160220129,True,True
231,232,0.13254850700248388,0.17394309088929205,0.04139458388680817,True,True
232,233,0.44283645051074316,0.17312255529579978,-0.2697138952149434,False,False
233,234,0.06941882985462033,0.08528511031093311,0.015866280456312776,True,True
234,235,0.6061887223491631,0.7479376882595505,0.14174896591038744,True,True
235,236,0.5892776710180345,0.6729242812067389,0.08364661018870434,True,True
236,237,0.3870244621786685,0.7002193564697698,0.31319489429110137,True,True
237,238,0.8825374692901571,1.0410887154678532,0.15855124617769611,True,True
238,239,1.3286001315412506,1.5759120078797082,0.24731187633845764,True,True
239,240,0.2525750785258394,0.3624283659796026,0.10985328745376322,True,True
240,241,0.025351221414197767,-0.014452201991778768,-0.039803423405976535,True,True
241,242,-1.0353927639047553,-0.9778304665705706,0.05756229733418472,True,True
242,243,-0.41469429031324756,-0.682870852002214,-0.2681765616889664,True,True
243,244,0.22465453162426297,0.3230196497940616,0.09836511816979865,True,True
244,245,0.2957181970501108,0.5302722464899547,0.23455404943984393,True,True
245,246,0.21103372276743393,0.19918654535537694,-0.011847177412056986,True,True
246,247,-0.7766415632174857,0.3480525858934165,1.1246941491109022,False,False
247,248,0.3469715437241021,0.4019071931846381,0.054935649460535974,True,True
248,249,0.45606556883495264,0.7327837126247947,0.27671814378984205,True,True
249,250,0.08274941262257407,0.06135837471030037,-0.021391037912273703,True,True
250,251,1.5525045049072501,1.5609426607999808,0.00843815589273067,False,False
251,252,0.34548921744495864,0.5378748315528097,0.19238561410785104,True,True
252,253,0.19832418628498738,0.2650732744146076,0.06674908812962022,True,True
253,254,0.46230728746751204,0.5235833257525977,0.061276038285085654,True,True
254,255,0.46097599677287393,0.4772106409179031,0.016234644145029176,True,True
255,256,0.06481064791362368,0.040407763357850346,-0.02440288455577333,True,True
256,257,-0.6968793988652595,-0.9269404539012793,-0.2300610550360198,True,True
257,258,0.2652749462311803,0.44549184106732387,0.18021689483614356,True,True
258,259,0.2513857385813627,0.42545621725073346,0.17407047866937075,True,True
259,260,1.1287673393585131,1.090673016520646,-0.03809432283786718,True,True
260,261,-0.39384547776931544,-0.5718978290735737,-0.17805235130425823,True,True
261,262,0.4096404715402353,0.6486886187673582,0.23904814722712286,True,True
262,263,0.5901781708340232,0.7711629644110483,0.18098479357702502,True,True
263,264,-0.06078543668937275,-0.5001235227284857,-0.43933808603911295,True,True
264,265,0.6767662414852746,0.9161168408524731,0.2393505993671985,True,True
265,266,-0.6482080949959261,-1.661834781778306,-1.0136266867823798,False,False
266,267,0.5226566761217257,0.6496349239970876,0.12697824787536183,True,True
267,268,-0.3045455441399696,-0.43836254832003174,-0.13381700418006215,True,True
268,269,-0.5403646100171375,-0.5784429260557005,-0.03807831603856293,True,True
269,270,0.3031873991336633,0.3854296988255457,0.08224229969188235,True,True
270,271,-0.05280552105066949,-0.2974485915165337,-0.2446430704658642,True,True
271,272,3.1287772644562306,3.0488752027190706,-0.07990206173715997,False,False
272,273,0.07873301014087186,0.07315232249417702,-0.005580687646694837,True,True
273,274,0.9562635891776132,0.9217971795846882,-0.03446640959292502,True,True
274,275,2.3624242018360544,2.473389544555954,0.11096534271989977,False,False
275,276,1.8238954463029948,1.5700235504090436,-0.2538718958939512,False,False
276,277,1.0449042486889821,0.9683995082588233,-0.07650474043015887,False,False
277,278,2.496077901259506,3.0658131797069696,0.5697352784474639,False,False
278,279,-0.11696569344292573,-0.22421640228460893,-0.1072507088416832,True,True
279,280,0.2929577064126807,0.5411683985800111,0.24821069216733038,True,True
280,281,0.24384298889273692,0.4201398851259319,0.176296896233195,True,True
281,282,0.10055980724663627,-0.1646255989823402,-0.26518540622897646,True,True
282,283,0.12111413810232197,0.16316245704135035,0.042048318939028384,True,True
283,284,1.1678314499032991,1.4350714081654203,0.2672399582621212,True,True
284,285,0.3348948735009585,0.5676080964208112,0.23271322291985275,True,True
285,286,0.43408192247439326,0.7118116950445104,0.2777297725701171,True,True
286,287,-0.11518967085630738,-0.27825466091762996,-0.16306499006132258,True,True
287,288,3.461041929215366,4.278125242314251,0.8170833130988848,False,False
288,289,1.2414622227752217,0.8659348929257664,-0.37552732984945525,False,False
289,290,2.91233650338741,3.1462684406481687,0.2339319372607589,False,False
290,291,0.3945743963957895,0.48186370204719786,0.08728930565140836,True,True
291,292,-0.06687569203663113,-0.1293876957682487,-0.06251200373161758,True,True
292,293,0.23624417423464283,-0.9480271027721043,-1.1842712770067472,False,False
293,294,0.40773828816281554,0.6184229403790855,0.21068465221626997,True,True
294,295,-1.261251793829829,-1.1514358102798905,0.1098159835499386,False,False
295,296,0.35473761342261945,0.6060965497456086,0.2513589363229891,True,True
296,297,0.5642793758877076,0.9136992385918608,0.34941986270415315,True,True
297,298,-0.9033158361098517,-0.5751529115450627,0.328162924564789,True,True
298,299,0.2859100128717387,-0.1335605877544328,-0.4194706006261715,False,False
299,300,-0.7413590398814449,-0.8624572785248477,-0.12109823864340274,True,True
300,301,0.3125744732838185,0.4243407464989817,0.11176627321516319,True,True
301,302,-0.5610496053993899,-0.6482490183064131,-0.08719941290702327,False,False
302,303,-0.2618140762373078,-0.4306879356986695,-0.1688738594613617,True,True
303,304,0.38749205878213067,0.4047873834653064,0.01729532468317574,True,True
304,305,0.6042930909763178,0.6493172919443877,0.045024200968069916,True,True
305,306,-2.1959675915545294,0.26846439638846675,2.464431987942996,False,False
306,307,3.5156181950084875,4.075740325736746,0.5601221307282582,False,False
307,308,0.7811685409888112,0.8447985645002465,0.06363002351143532,True,True
308,309,0.5432133151036891,0.04087075679026153,-0.5023425583134276,False,False
309,310,2.6456982172667303,3.1122031545266617,0.4665049372599315,False,False
310,311,2.012117933970626,2.263617326377064,0.2514993924064379,False,False
311,312,0.3821666748884134,-0.3250449643312514,-0.7072116392196648,False,False
312,313,0.25213962751893026,0.28231131497219275,0.030171687453262486,True,True
313,314,0.7505154653319179,0.24687697470891834,-0.5036384906229996,False,False
314,315,0.8851418419482955,0.9924069378609364,0.10726509591264088,True,True
315,316,-0.6948339398972663,-1.1718109618934225,-0.4769770219961562,True,True
316,317,0.4543768246797817,0.6363487429849819,0.1819719183052002,True,True
317,318,-0.2342341671195114,-0.731005301837734,-0.49677113471822265,True,True
318,319,1.82609603310497,2.225401815170617,0.39930578206564693,True,True
319,320,0.29618355983126143,0.38415989683721596,0.08797633700595453,True,True
320,321,0.15357623317058122,0.24540254371937031,0.09182631054878909,True,True
321,322,-0.2730040028540053,-0.8161448385724528,-0.5431408357184475,False,False
322,323,0.33627525731369845,0.3993796678055981,0.06310441049189963,True,True
323,324,4.8021889130500455,5.537452638782211,0.7352637257321657,False,False
324,325,0.3929882195885499,0.754471256915402,0.36148303732685205,True,True
325,326,0.3709641525393357,0.7016357177588137,0.33067156521947805,True,True
326,327,0.06945368930521889,-0.12925026686461472,-0.1987039561698336,True,True
327,328,0.1355255046130912,0.1349983764272542,-0.0005271281858370003,True,True
328,329,0.7040032941770376,0.6066920243032019,-0.09731126987383565,True,True
329,330,1.3193787341339513,1.4525340232124977,0.13315528907854635,True,True
330,331,1.0993559664464936,1.4240642047318883,0.32470823828539475,True,True
331,332,-2.3591534067103277,-1.6670680546031305,0.6920853521071972,True,True
332,333,1.3760039561784034,1.6463237545984581,0.2703197984200547,True,True
333,334,0.4641208060560622,0.6939595019526221,0.22983869589655992,True,True
334,335,0.9030485056259083,1.181696290113806,0.2786477844878976,True,True
335,336,-0.8832791965395099,-1.0484657480423518,-0.1651865515028419,True,True
336,337,0.32330519705194316,0.3690885850212333,0.04578338796929016,True,True
337,338,0.3883560915086224,0.7392435655116216,0.35088747400299924,True,True
338,339,0.44390000339739677,0.7599039064029562,0.31600390300555947,True,True
339,340,0.3366810910627862,0.27341858892836957,-0.06326250213441664,True,True
340,341,0.5681423527989784,0.8539658403430366,0.2858234875440582,True,True
341,342,1.4431550478078474,1.7535858004026545,0.3104307525948071,True,True
342,343,0.3726706610843218,0.7278789111170596,0.3552082500327378,True,True
343,344,0.4465028178418353,0.5836182561351198,0.13711543829328443,True,True
344,345,-0.1975243563373441,-0.33243244045617715,-0.13490808411883304,True,True
345,346,0.33328605779065335,0.5139827265385666,0.18069666874791324,True,True
346,347,0.39796000188756375,0.7666406655652112,0.3686806636776474,True,True
347,348,0.35834158464500954,0.5560368673175504,0.19769528267254088,True,True
348,349,0.07670711276612519,0.06187995127912904,-0.014827161486996143,True,True
349,350,0.9053629391763538,0.9533487582096614,0.047985819033307564,True,True
350,351,0.23059467648638687,0.2798039526889755,0.04920927620258864,True,True
351,352,1.4147585293309732,1.5627813594044788,0.14802283007350558,True,True
352,353,-0.5285840050476134,-0.796071725345902,-0.2674877202982886,True,True
353,354,0.2949861467461421,0.2507407853665615,-0.04424536137958057,True,True
354,355,0.910753921332478,1.1205492658836578,0.20979534455117976,True,True
355,356,1.068645609860468,1.0827864309210833,0.014140821060615316,True,True
356,357,0.24583645813826704,0.3454635970071509,0.09962713886888386,True,True
357,358,0.6515093820631646,0.6756883309420942,0.024178948878929685,True,True
358,359,-0.05956008796223866,-0.16166717293539667,-0.10210708497315801,True,True
359,360,0.464096179890646,0.6371308416903623,0.17303466179971627,True,True
360,361,1.5581341637721104,1.371995341588189,-0.18613882218392153,False,False
361,362,0.2039904520858018,-0.15448081923823587,-0.35847127132403767,True,True
362,363,-1.4337200035630362,-1.8814169709737438,-0.44769696741070764,False,False
363,364,0.1302672460752725,0.16207340461775255,0.031806158542480034,True,True
364,365,5.571992776676963,6.869636572056795,1.297643795379832,False,False
365,366,-0.32179238408957156,-0.7080653745482968,-0.3862729904587252,True,True
366,367,1.1894575972917165,1.5429041133385373,0.35344651604682076,True,True
367,368,0.1942815745228983,0.30080040286983856,0.10651882834694026,True,True
368,369,1.2719281473440622,1.3071036809418546,0.03517553359779235,True,False
369,370,-3.0507547252527845,-2.1308569500906955,0.9198977751620889,False,False
370,371,0.9088920354202652,1.199943478622865,0.2910514432025999,True,True
371,372,0.5293785701260019,0.4831081001623212,-0.04627046996368067,True,True
372,373,0.6398428110559902,0.79910713542046,0.1592643243644698,True,True
373,374,0.8245820174529572,1.0056848538160557,0.18110283636309843,True,True
374,375,0.44901318030407467,0.5766137546683185,0.12760057436424388,True,True
375,376,1.2052309300268949,1.4709606157893909,0.265729685762496,True,True
376,377,1.2553102407778258,1.2589777923434848,0.0036675515656590107,True,True
377,378,-0.5171607261972921,-0.6566316308245472,-0.1394709046272551,True,True
378,379,2.008755322807783,2.416269170076191,0.4075138472684081,True,True
379,380,1.524653100945991,1.4401105965092347,-0.08454250443675626,False,False
380,381,0.0012883265571108637,-0.04770645417194608,-0.04899478072905694,True,True
381,382,0.007696192620519682,-0.23033635853008594,-0.23803255115060562,True,True
382,383,0.236025720790356,0.3672248294661209,0.1311991086757649,True,True
383,384,-5.7135672000859685,-0.764863332660493,4.9487038674254755,False,False
384,385,0.20886735829008218,0.09556536796626558,-0.1133019903238166,True,True
385,386,0.5996858802577272,0.9010886517173065,0.3014027714595793,True,True
386,387,0.09888495988579615,0.1222327516876125,0.023347791801816342,True,True
387,388,0.22621582805265117,0.3331963817520456,0.10698055369939441,True,True
388,389,-0.2847044921471622,-0.527314492475278,-0.24261000032811575,True,True
389,390,-0.10766548943371212,-0.23412027048964568,-0.12645478105593355,True,True
390,391,3.3294161962482294,3.5858578798862357,0.25644168363800635,False,False
391,392,0.20655956162410583,0.338670469397901,0.1321109077737952,True,True
392,393,0.8010660398013734,-0.9614031760977255,-1.7624692158990989,False,False
393,394,-0.22593920955244862,-0.9285420826522275,-0.7026028730997789,False,False
394,395,0.2333786581194901,0.11821422109780322,-0.11516443702168688,True,True
395,396,0.13697039721354942,0.12721795610881248,-0.009752441104736942,True,True
396,397,0.8409967187358087,1.1020241724190138,0.2610274536832051,True,True
397,398,0.2747935619817823,0.4238093131232188,0.1490157511414365,True,True
398,399,-0.3405274341814044,-0.8566982945312889,-0.5161708603498845,False,False
399,400,0.00026087828609000496,-0.053848923170020324,-0.05410980145611033,True,True
400,401,0.3960292418701723,0.7267413619435605,0.33071212007338824,True,True
401,402,0.2739014313647985,0.4883491681934782,0.21444773682867968,True,True
402,403,-1.003362697487745,-0.8428288261248209,0.16053387136292407,True,True
403,404,0.4439992695672097,0.3003130605684543,-0.1436862089987554,True,True
404,405,2.9146609108864023,3.167119666534969,0.2524587556485667,False,False
405,406,1.4842336238371647,1.8250475592464213,0.34081393540925653,True,True
406,407,0.13969612880159055,0.21673187356152424,0.07703574475993369,True,True
407,408,-0.03608763676205662,-0.11532577042406267,-0.07923813366200605,True,True
408,409,0.7689912033633552,1.0016896657430348,0.2326984623796795,True,True
409,410,0.40040964342554375,-0.18075533168207958,-0.5811649751076233,False,False
410,411,0.5631375369667233,0.8299480849039722,0.2668105479372489,True,True
411,412,-2.0743429458524547,-1.8442858231143875,0.23005712273806722,False,False
412,413,1.6820535933756613,0.9341474030486374,-0.7479061903270239,False,False
413,414,0.8900646759818276,1.0468976467697115,0.15683297078788394,True,True
414,415,1.0621852880128833,1.2091663893688782,0.14698110135599496,True,True
415,416,0.7059603995927808,0.39392928085975143,-0.31203111873302936,False,False
416,417,0.20641152909946214,-0.20504060450605976,-0.4114521336055219,True,True
417,418,0.2252013483485933,0.33348860162771565,0.10828725327912236,True,True
418,419,-0.8413311940308157,-1.288260329180968,-0.4469291351501523,False,False
419,420,0.3247536206797448,0.5855954025378889,0.2608417818581441,True,True
420,421,2.041513132231062,2.4375210719937908,0.39600793976272897,False,False
421,422,0.02224815329311891,-0.026640434846737726,-0.04888858813985664,True,True
422,423,0.3117737385157193,0.5559896317559296,0.2442158932402103,True,True
423,424,0.7728116988180438,1.0776216720322802,0.3048099732142364,True,True
424,425,0.31690187666517566,0.34925076885531325,0.03234889219013759,True,True
425,426,0.8257245446449679,1.1348718325607576,0.3091472879157897,True,True
426,427,-0.017828458843140105,-0.11765388153235712,-0.09982542268921701,True,True
427,428,0.4959623531720063,0.5985994057327901,0.10263705256078381,True,True
428,429,1.0621980974804814,1.06527519301358,0.0030770955330985394,True,True
429,430,0.4158764946939604,0.24149860382919108,-0.1743778908647693,True,True
430,431,0.7673291412052414,1.069658910493747,0.30232976928850563,True,True
431,432,1.474582802115484,1.3944449096128402,-0.08013789250264391,False,False
432,433,0.3824652459510487,0.7495995634090455,0.36713431745799685,True,True
433,434,0.34053283575366144,0.5351856685880589,0.1946528328343975,True,True
434,435,-1.710997370254212,-1.528587312418134,0.1824100578360781,True,True
435,436,0.3923245688289456,0.7036464912355891,0.31132192240664347,True,True
436,437,0.07488606658287722,-0.25061255638955515,-0.32549862297243237,False,False
437,438,0.25896916562441685,0.3907153317819736,0.13174616615755674,True,True
438,439,1.3188960168434063,1.5978238732825307,0.27892785643912443,True,True
439,440,-2.50725069299875,-1.4207030756682215,1.0865476173305284,False,False
440,441,0.8131691728663935,1.0781946986744915,0.265025525808098,True,True
441,442,0.5612920703948174,0.8464778373565061,0.2851857669616886,True,True
442,443,0.6023541321693568,0.833752424571971,0.23139829240261411,True,True
443,444,1.2197185842195202,1.1795981445938999,-0.040120439625620286,False,True
444,445,-1.0669032052377956,-1.4819294791614075,-0.4150262739236119,False,False
445,446,1.6779133688276548,2.0086309285890556,0.3307175597614007,True,True
446,447,-0.7688609908686383,-0.8112309203439958,-0.04236992947535745,True,True
447,448,2.3541532206361193,2.0856151846212194,-0.2685380360148999,False,False
448,449,2.187661247151902,1.5064269112460504,-0.6812343359058515,False,False
449,450,-0.595842477080768,-0.80867731052275,-0.21283483344198206,True,True
450,451,0.9929241443199919,1.1884356897943693,0.19551154547437744,True,True
451,452,0.37446192577734294,0.7300749284080466,0.3556130026307036,True,True
452,453,0.7401982753073391,-0.16473846484899024,-0.9049367401563293,False,False
453,454,2.1189710862428335,2.601124722504794,0.4821536362619607,True,False
454,455,0.37429679427949525,0.7085405273959378,0.3342437331164425,True,True
455,456,0.71506052077499,0.8838730789844114,0.16881255820942132,True,True
456,457,0.8560053270209069,0.7163606662822595,-0.13964466073864745,False,False
457,458,0.3975058078342495,0.426837386659511,0.029331578825261495,True,True
458,459,0.14482296238323755,0.2252292836963532,0.08040632131311565,True,True
459,460,0.7955368198031936,0.9392881602159022,0.14375134041270865,True,True
460,461,0.5874789871783221,0.4276180808126453,-0.15986090636567685,True,True
461,462,0.1733328337360036,0.15315193290295248,-0.02018090083305113,True,True
462,463,0.2747531133441039,0.26362702235177116,-0.011126090992332749,True,True
463,464,-1.056975405093084,-1.0166891619695777,0.04028624312350626,True,True
464,465,1.6451409955296534,2.030285617584541,0.38514462205488753,True,True
465,466,0.4449687643816551,0.23869921624245993,-0.20626954813919518,True,True
466,467,-0.6490846087664197,-0.710060787064986,-0.060976178298566275,True,True
467,468,0.22112400777490748,0.3134629055910678,0.09233889781616034,True,True
468,469,0.7911456203441478,1.0653749031223159,0.27422928277816805,True,True
469,470,0.5800944029608321,0.8936864308541344,0.3135920278933022,True,True
470,471,0.18902438875674443,-0.08273601917752327,-0.2717604079342677,True,True
471,472,1.549241208647718,1.3639181951061268,-0.1853230135415913,False,False
472,473,0.2478065368419342,0.26627848856454506,0.018471951722610847,True,True
473,474,0.641648615883283,0.6088422973096685,-0.03280631857361449,True,True
474,475,0.35501550511254276,0.48483282980895037,0.1298173246964076,True,True
475,476,0.41250403646320244,0.6772265869615612,0.2647225504983588,True,True
476,477,0.44884139521963506,0.5310296950889106,0.08218829986927556,True,True
477,478,0.1451707789763974,-0.10905868727037671,-0.2542294662467741,True,True
478,479,-0.07918118162938059,-0.2102540590079407,-0.1310728773785601,True,True
479,480,0.5070328490382212,0.7697809100257818,0.26274806098756054,True,True
480,481,-9.927053801325753,0.32370439308024146,10.250758194405995,False,False
481,482,0.2652189477597866,0.44000618534613833,0.17478723758635173,True,True
482,483,2.110910802836104,2.3997182913832056,0.2888074885471017,False,False
483,484,0.19795227562360518,0.1140258572926145,-0.08392641833099068,True,True
484,485,1.285601125545405,1.2100766496284745,-0.07552447591693046,False,False
485,486,0.396494177263949,0.6758825962010317,0.27938841893708277,True,True
486,487,0.5165994817269346,0.6120435618065674,0.09544408007963279,True,True
487,488,0.4173732909825216,0.7648075847481253,0.34743429376560364,True,True
488,489,0.03878103599900928,-0.03308632813129364,-0.07186736413030292,True,True
489,490,0.33226709887432904,0.6176139738612121,0.28534687498688305,True,True
490,491,0.0995346033456399,-0.04617982221331296,-0.14571442555895286,True,True
491,492,-0.9203128175846311,-0.9736446906394258,-0.0533318730547947,True,True
492,493,0.34152387817496166,0.5811128985648208,0.2395890203898592,True,True
493,494,0.3291951303387499,0.3735675108082992,0.04437238046954928,True,True
494,495,1.0594092184396051,1.0791231986379346,0.019713980198329484,True,True
495,496,0.5843798650693901,0.6233723277386756,0.038992462669285466,True,True
496,497,0.27029833360168887,-0.7213612963489275,-0.9916596299506164,False,False
497,498,1.2275074620579982,1.1556448484088149,-0.07186261364918334,False,False
498,499,0.37386133730807725,0.6506792693076577,0.2768179319995805,True,True
499,500,0.27358822738727007,0.4572819129686625,0.18369368558139243,True,True
500,501,0.15704009256380624,0.20345221166140126,0.04641211909759502,True,True
501,502,0.3523323605299664,0.5827819620432715,0.23044960151330507,True,True
502,503,0.3382646681305532,0.21489157957115967,-0.12337308855939355,True,True
503,504,-0.5300670718813327,-0.6846494779517904,-0.1545824060704577,True,True
504,505,0.29176325218719734,0.4698336036363755,0.17807035144917815,True,True
505,506,0.3094618107324365,0.3461736054107618,0.036711794678325305,True,True
506,507,0.41473149114468777,0.7760089215945669,0.36127743044987914,True,True
507,508,1.701151707348437,1.516613782234728,-0.18453792511370892,False,False
508,509,0.29588946858262766,0.39472103191511065,0.098831563332483,True,True
509,510,1.5140091128947555,1.210155810599331,-0.3038533022954244,False,False
510,511,0.6988946223209278,0.8128251110782645,0.11393048875733669,True,True
511,512,0.8818540380926709,1.150775152681633,0.26892111458896206,True,True
512,513,0.48634913581153194,0.5210983729148007,0.034749237103268715,True,True
513,514,-0.11669078542139388,-0.44201491595250886,-0.325324130531115,True,True
514,515,0.175991281537331,0.0044689822605068485,-0.17152229927682416,True,True
515,516,1.036702254186392,0.752973938508231,-0.2837283156781609,False,False
516,517,0.2299185190053108,0.3850526054367984,0.15513408643148763,True,True
517,518,1.3967956262710297,1.372587088010233,-0.024208538260796608,False,False
518,519,-0.4388835936834137,-0.7658132279249035,-0.3269296342414898,True,True
519,520,-0.2367792589781339,-0.3937368283867455,-0.1569575694086116,True,True
520,521,0.1943308335426588,0.2999353963864029,0.10560456284374409,True,True
521,522,0.8838489720076801,0.7185035909658897,-0.16534538104179042,False,False
522,523,-0.00989769606167723,-0.0429159179205576,-0.03301822185888037,True,True
523,524,1.402506830498873,1.5937277570183248,0.19122092651945177,True,True
524,525,0.09417099319170452,-0.2623404582918685,-0.356511451483573,True,True
525,526,-1.0216101251009078,-1.2308958831587828,-0.20928575805787508,True,True
526,527,-2.0008926620137872,-1.1383024983275272,0.8625901636862601,True,True
527,528,0.6062984922969945,0.8125223029732287,0.2062238106762342,True,True
528,529,0.2127498485698478,0.34527896590699125,0.13252911733714345,True,True
529,530,-0.16908718759935315,-0.39402161035282024,-0.2249344227534671,True,True
530,531,1.2933118960682526,1.189379478725293,-0.10393241734295966,False,False
531,532,-1.0862412305652063,-1.0594557282141839,0.026785502351022394,True,True
532,533,0.4190278568370309,0.6523630039680395,0.23333514713100856,True,True
533,534,0.2595796259455634,0.4395473981143958,0.17996777216883242,True,True
534,535,1.5850895640426863,0.9550985570130219,-0.6299910070296644,False,False
535,536,0.6892183116165493,0.9280983761594399,0.23888006454289057,True,True
536,537,0.24873635106599412,0.19231746266609928,-0.05641888839989484,True,True
537,538,0.058605856562730096,0.03463566224339365,-0.023970194319336446,True,True
538,539,0.3212054082231508,0.5957073664233596,0.27450195820020884,True,True
539,540,-0.5491655478980695,-0.7776321793022793,-0.22846663140420986,True,True
540,541,0.5492170724917802,0.7623956636948757,0.21317859120309546,True,True
541,542,-0.14703794791452074,-0.28402329922775404,-0.1369853513132333,True,True
542,543,1.2623554212835284,1.6240161445358785,0.3616607232523501,True,True
543,544,-1.416083693258809,-1.3213186797703047,0.0947650134885043,True,True
544,545,0.49879604096500163,0.687340299820749,0.18854425885574733,True,True
545,546,0.3752232126023536,0.6654323939297009,0.2902091813273473,True,True
546,547,0.7281289961317574,0.8586528686736314,0.13052387254187403,True,True
547,548,-0.5101692947509515,-0.6559559106823833,-0.14578661593143183,True,True
548,549,-0.04361749824647543,-0.18390838087889794,-0.1402908826324225,True,True
549,550,0.7308891466855103,0.6533793675368482,-0.07750977914866208,True,True
550,551,0.15132306208305257,0.22904027959174478,0.0777172175086922,True,True
551,552,-0.516839394705249,-0.6972896249612273,-0.18045023025597828,True,True
552,553,0.4974053499825857,0.7074450098969614,0.21003965991437568,True,True
553,554,0.4120630560502123,0.7185529458915152,0.3064898898413029,True,True
554,555,-0.012408764152908258,-0.17100035240069067,-0.1585915882477824,True,True
555,556,0.3890896109458235,0.7253635849839872,0.3362739740381637,True,True
556,557,0.9414163397870157,0.24669294315159718,-0.6947233966354185,False,False
557,558,0.5304276844393963,0.7051648359966043,0.17473715155720804,True,True
558,559,2.6946790584979396,2.86735061545176,0.1726715569538202,False,False
559,560,-0.1776615292308481,-0.40023786940938244,-0.22257634017853434,True,True
560,561,0.9999956669215351,0.2587461138140208,-0.7412495531075143,False,False
561,562,0.5784276961600505,0.9164499492710543,0.33802225311100376,True,True
562,563,1.6773225096460416,1.778755558858708,0.10143304921266649,False,False
563,564,1.4568823511560396,1.4515659646710333,-0.005316386485006319,False,False
564,565,1.7596427374285009,1.954578991132105,0.19493625370360412,True,False
565,566,0.8215436585057168,0.7666260495071588,-0.05491760899855791,True,True
566,567,0.3158261348880651,0.48122622302759854,0.16540008813953344,True,True
567,568,0.07859076425053946,-0.02142993774163937,-0.10002070199217883,True,True
568,569,0.5581518920606627,0.5707642100561761,0.012612317995513322,True,True
569,570,0.9563601265358024,0.8661242919825929,-0.09023583455320949,True,True
570,571,-2.59028339293837,-0.7562617598459527,1.8340216330924175,False,False
571,572,0.6100193791181407,0.5128780544561611,-0.09714132466197967,False,False
572,573,0.10573289081030746,0.12974314342818483,0.02401025261787737,True,True
573,574,0.1666110838435393,-0.06764639410952888,-0.23425747795306817,True,True
574,575,-0.1452059596914812,-0.25296398160758526,-0.10775802191610406,True,True
575,576,1.0711663486954173,1.295363956113388,0.2241976074179708,True,True
576,577,-0.2971571310837553,-0.5410641025829008,-0.24390697149914553,True,True
577,578,0.14106676847451727,0.19458060824264356,0.05351383976812629,True,True
578,579,0.14825850426996556,0.1548618013310965,0.006603297061130942,True,True
579,580,-0.6163355880429178,-0.6368564214796795,-0.0205208334367617,True,True
580,581,1.20713369257121,1.4945332800145619,0.2873995874433519,True,True
581,582,-0.15829685354263123,-0.5108084597216873,-0.3525116061790561,True,True
582,583,0.4326271560243553,0.23381864079765258,-0.19880851522670273,True,True
583,584,1.1680662638059083,0.828483958949831,-0.3395823048560773,False,False
584,585,1.8679490600599404,1.6170647775630327,-0.25088428249690775,False,False
585,586,-0.09365180731935663,-0.3341968236686803,-0.24054501634932368,True,True
586,587,0.2351315861874128,0.35167227060841677,0.11654068442100396,True,True
587,588,1.0670307872542955,0.5724797164727278,-0.4945510707815677,False,False
588,589,1.1404791214900327,1.419639709280058,0.27916058779002517,True,True
589,590,0.05353080126087306,0.010230508042369912,-0.04330029321850315,True,True
590,591,0.23750041547560397,0.3184757183743052,0.08097530289870125,True,True
591,592,0.17914892970606466,0.1369839369893251,-0.04216499271673957,True,False
592,593,1.3856522266871676,1.4582728586270628,0.07262063193989521,True,True
593,594,0.599769250975104,0.6991967964761678,0.09942754550106381,True,True
594,595,0.47898169184780226,0.5808349230562198,0.1018532312084175,True,True
595,596,-0.3745117821449533,-0.4764690327263956,-0.10195725058144234,True,True
596,597,0.6608122645394836,0.9070209357484336,0.24620867120894996,True,True
597,598,2.4260032739408786,1.6560363801722762,-0.7699668937686024,False,False
598,599,-0.5727667518034627,-0.6050372187714519,-0.032270466967989186,True,True
599,600,0.3729738129555553,0.6097513273968316,0.23677751444127626,True,True
600,601,-0.009576345965494504,-0.15493442506765387,-0.14535807910215937,True,True
601,602,0.3721298473922814,0.5974600479070564,0.22533020051477504,True,True
602,603,2.503373089782629,2.4935586466022244,-0.009814443180404808,False,False
603,604,0.15383241706931416,0.22593559563493537,0.0721031785656212,True,True
604,605,1.02769612753191,1.1813935702214309,0.1536974426895208,True,True
605,606,-0.3048633443978015,-0.44208145008804056,-0.13721810569023907,True,True
606,607,0.5076617983426597,0.5572025166659462,0.04954071832328655,True,True
607,608,-1.4233523183672085,-1.4458077974655188,-0.02245547909831025,True,True
608,609,-0.5601808640721666,-0.6004338030939094,-0.04025293902174276,True,True
609,610,-0.4150048522789689,-0.9148919433388079,-0.499887091059839,False,False
610,611,0.0343971617195189,0.0014461224493458325,-0.032951039270173066,True,True
611,612,0.1769893321439575,-0.34889246760569215,-0.5258817997496497,True,True
612,613,0.9903855892828854,1.311511863584066,0.32112627430118046,True,True
613,614,5.180755632957576,4.9946644930496085,-0.18609113990796722,False,False
614,615,1.4098214801946911,1.2019944093304202,-0.20782707086427088,False,False
615,616,0.19916604977827124,0.19800061363902088,-0.0011654361392503532,True,True
616,617,0.6305465462286812,0.8948785100133065,0.2643319637846253,True,True
617,618,0.3106811204391975,0.08103921656590618,-0.2296419038732913,True,True
618,619,1.7025374864375133,2.0462601980825745,0.3437227116450612,True,True
619,620,0.27532591220197933,0.2484059325659156,-0.02691997963606374,True,True
620,621,0.7839055037190765,0.9703454501074713,0.18643994638839478,True,True
621,622,1.9782697536304532,0.6240598213588502,-1.354209932271603,False,False
622,623,1.4114163613689428,1.762397260715896,0.3509808993469532,True,True
623,624,0.3824288684435935,0.4336108862999648,0.05118201785637133,True,True
624,625,0.29569187708961575,0.39113662059984833,0.09544474351023258,True,True
625,626,0.34090296249279195,0.22429171806371784,-0.11661124442907411,True,True
626,627,0.3816629982137689,0.751657780558693,0.3699947823449241,True,True
627,628,0.40884841857621623,0.7155975336765734,0.3067491151003572,True,True
628,629,0.412082256857361,0.5166601210699269,0.10457786421256587,True,True
629,630,0.8900606598334946,0.7417158123677545,-0.14834484746574006,True,True
630,631,1.237093551240216,1.5530633180310378,0.3159697667908219,True,True
631,632,0.37845611174128857,0.6921024761856156,0.31364636444432703,True,True
632,633,0.6170191619830208,0.5906419774214093,-0.026377184561611422,True,True
633,634,0.3444021933829333,0.6553393681282049,0.3109371747452716,True,True
634,635,0.19165181919963814,0.16285122926325668,-0.02880058993638146,True,True
635,636,0.3858931384409998,0.7321225645839053,0.3462294261429055,True,True
636,637,0.07557644387483453,0.047131953602298715,-0.028444490272535816,True,True
637,638,-2.1654536915556903,-0.9245115864300244,1.240942105125666,True,True
638,639,0.28875232291395037,0.5206750173317749,0.23192269441782454,True,True
639,640,0.37347074950041126,0.7288677759523439,0.3553970264519326,True,True
640,641,0.6147276998086566,0.8605997960190006,0.245872096210344,True,True
641,642,-9.178333300876588,1.1158750044757468,10.294208305352335,False,False
642,643,0.575117774039438,0.8550347254615716,0.2799169514221336,True,True
643,644,-0.04171644212402903,-0.6020335764872105,-0.5603171343631814,True,True
644,645,1.0035926292107993,1.282136220644965,0.2785435914341656,True,True
645,646,-0.5762326638514557,-0.8782852530161378,-0.30205258916468214,False,False
646,647,-1.5436191602595803,-1.9109917545598645,-0.3673725943002841,False,False
647,648,1.0178711590848635,1.3035486351597765,0.285677476074913,True,True
648,649,-4.252801139350726,-0.029935643354464858,4.2228654959962615,False,False
649,650,0.4791615227942625,0.6034709159719132,0.12430939317765066,True,True
650,651,6.589272488382905,8.196803597780129,1.6075311093972235,False,False
651,652,0.3096113828691225,0.5351487710628318,0.22553738819370928,True,True
652,653,0.272969860290492,0.354908239290352,0.08193837899986,True,True
653,654,0.17509114276812188,0.2449567629869156,0.06986562021879372,True,True
654,655,0.6590059531545913,0.5315224869917046,-0.12748346616288675,True,True
655,656,0.5674216434183901,0.7336123072065259,0.16619066378813585,True,True
656,657,1.1174469363417634,1.4214838718440141,0.30403693550225075,True,True
657,658,0.37108463557107063,0.7165359490250043,0.34545131345393365,True,True
658,659,0.7075856489055399,1.0281611426547381,0.32057549374919825,True,True
659,660,0.6212127171542852,-0.02788015106546915,-0.6490928682197543,False,False
660,661,0.09413171517166496,-0.047664814195841565,-0.14179652936750653,True,True
661,662,0.15844035187517402,-0.2068784611229324,-0.3653188129981064,False,False
662,663,-0.6331975417268616,-0.9045651309202478,-0.2713675891933862,True,True
663,664,0.7860297205156117,0.9728058960040826,0.18677617548847092,True,True
664,665,-0.3861322089804502,-0.5767844023805813,-0.19065219340013106,True,True
665,666,0.05943106344421656,0.02882907721871142,-0.03060198622550514,True,True
666,667,0.8735189339451033,0.9335758305376016,0.060056896592498354,False,False
667,668,-1.1138336222561929,-1.1087279837785493,0.005105638477643559,True,True
668,669,0.9572781439400293,0.9492173408965963,-0.00806080304343304,True,True
669,670,-0.2039210339334212,-0.4360204995258061,-0.23209946559238492,True,True
670,671,-1.8115752989017073,-1.274885041345307,0.5366902575564003,False,False
671,672,0.203996462318063,0.17629989890821474,-0.027696563409848274,True,True
672,673,0.39221846422100093,0.7594523879706347,0.3672339237496338,True,True
673,674,0.7589104616317908,0.7677703166335386,0.008859855001747796,True,True
674,675,0.29456969016429424,0.5375976214882079,0.24302793132391365,True,True
675,676,-0.9208102781115812,-0.8688514650589303,0.05195881305265093,True,True
676,677,-0.339981704107549,-0.2135843567858995,0.12639734732164953,False,False
677,678,-1.1992021257158516,-1.2151324306978424,-0.015930304981990773,False,False
678,679,-0.31337746278043,-0.5338840975442425,-0.2205066347638125,True,True
679,680,0.3206496127590963,0.5573259487990385,0.2366763360399422,True,True
680,681,-3.77698668131184,0.359168792059954,4.136155473371794,False,False
681,682,0.769910990032022,0.6322306294300617,-0.13768036060196032,False,False
682,683,0.8736978782075373,1.0526579050420515,0.17896002683451417,True,True
683,684,0.44251962821850865,0.5388687951418798,0.09634916692337114,True,True
684,685,0.3874156393256243,0.6846106585387881,0.2971950192131638,True,True
685,686,0.9041071882436773,0.919295211472182,0.015188023228504655,True,True
686,687,-0.10587257628877023,-0.5009596235572698,-0.3950870472684995,True,False
687,688,-2.2855227902441326,-0.980942122877229,1.3045806673669036,False,False
688,689,-0.18090243737363298,-0.3151423524631749,-0.13423991508954192,True,True
689,690,1.1830369642098475,1.3533546458594747,0.17031768164962724,True,True
690,691,1.031041072697512,1.3699451626510109,0.33890408995349874,True,True
691,692,0.44648443302274954,0.42880537540961683,-0.01767905761313271,True,True
692,693,1.5982348955803296,1.6926510021412104,0.09441610656088084,False,False
693,694,0.341830905366995,0.1724616417276108,-0.1693692636393842,True,True
694,695,-0.1235566080387005,-0.23298214959232766,-0.10942554155362716,True,True
695,696,-0.024392869599912714,0.016539302111678644,0.04093217171159136,False,False
696,697,-1.205266711994673,-0.7445948962841165,0.4606718157105565,True,True
697,698,0.379619869236266,0.3382328467051443,-0.0413870225311217,True,True
698,699,-0.1341021556838351,-0.3541812409866276,-0.22007908530279252,True,True
699,700,1.0276659589220691,1.04800915813209,0.020343199210020924,True,True
700,701,1.7476220582554722,1.765247876360407,0.017625818104934687,False,False
701,702,0.298532125730274,0.38482566938106677,0.08629354365079278,True,True
702,703,0.27660647331956634,0.351900473760169,0.07529400044060264,True,True
703,704,2.53962090403075,2.3901459127324305,-0.14947499129831954,False,False
704,705,0.2656642927810542,0.3663131562935469,0.10064886351249269,True,True
705,706,0.4175085542348369,0.7567949539199703,0.3392863996851334,True,True
706,707,-0.07767260121759989,0.04225428263681774,0.11992688385441763,False,False
707,708,-0.5488759670406171,-0.6310065113399892,-0.08213054429937205,True,True
708,709,0.07228440755389265,-0.03147882813590508,-0.10376323568979773,True,True
709,710,0.1815624081738174,-0.03487351896413138,-0.2164359271379488,True,True
710,711,0.49688226052507023,0.6755712405443934,0.1786889800193232,True,True
711,712,-1.3873305461287897,-0.6011246211537946,0.7862059249749951,True,True
712,713,0.9175037377598572,0.8025463102968482,-0.11495742746300897,True,True
713,714,0.09238741570746267,0.11987623837677575,0.027488822669313073,True,True
714,715,0.7287511133510929,0.9887384788960656,0.2599873655449727,True,True
715,716,2.6143120237199593,3.2417008891035692,0.6273888653836099,False,False
716,717,-1.7061717894414965,-1.3664325767984966,0.3397392126429999,False,False
717,718,0.4583662695420867,0.8237524057537109,0.3653861362116242,True,True
718,719,0.2712894571610982,0.12015830652723114,-0.15113115063386706,True,True
719,720,-0.003718742466156222,-0.7126861808382792,-0.708967438372123,False,False
720,721,-2.4927877142933426,-1.4470675058048181,1.0457202084885244,True,True
721,722,0.939601422237748,1.2494580336457188,0.30985661140797083,True,True
722,723,0.3055047547207388,0.40224957392777716,0.09674481920703837,True,True
723,724,0.42350366391409144,0.7455549439461544,0.32205128003206296,True,True
724,725,0.23582861089567508,0.23143328379006478,-0.004395327105610303,True,True
725,726,-0.33731755179767386,-0.523894352629851,-0.1865768008321771,True,True
726,727,0.2209861760122802,0.22468844046720315,0.0037022644549229433,True,True
727,728,0.08512903823666917,0.010129805950137794,-0.07499923228653138,True,True
728,729,0.17195306770891605,0.23957838479606908,0.06762531708715303,True,True
729,730,-0.3072790489980268,-0.5711747823073781,-0.26389573330935123,True,True
730,731,-0.989282903980107,-1.0984593248789123,-0.1091764208988053,True,True
731,732,-0.3432584567009762,-0.25549420769818276,0.08776424900279345,True,True
732,733,0.7066024521109364,0.4622101836230108,-0.2443922684879256,True,True
733,734,0.08078207502827972,0.08151001022732185,0.000727935199042129,True,True
734,735,0.6214554472975884,0.4322120748943794,-0.189243372403209,False,False
735,736,3.598737605560504,4.514110364265632,0.9153727587051286,False,False
736,737,0.18068145421189463,0.25810784866199743,0.0774263944501028,True,True
737,738,-0.43970981528505515,-0.6316374758069632,-0.19192766052190802,True,True
738,739,0.4489786547666541,-0.01764372267227987,-0.466622377438934,True,False
739,740,-2.171653576612327,-2.38952881195703,-0.2178752353447031,False,False
740,741,-0.059828900166247756,-0.2222208990739536,-0.16239199890770584,True,True
741,742,-0.017393957855925457,-0.11403523504258484,-0.09664127718665938,True,True
742,743,0.41191046596156644,0.7331629694283741,0.32125250346680767,True,True
743,744,-0.3322407802952414,-0.5854788068059955,-0.2532380265107541,True,True
744,745,0.4656560456058738,0.7514695814068868,0.285813535801013,True,True
745,746,-1.2087212764222617,-1.0607457871654713,0.14797548925679038,True,True
746,747,-0.523860303110637,-0.5396666703215658,-0.015806367210928762,False,False
747,748,0.8183628038397432,1.0471070555735613,0.22874425173381807,True,True
748,749,1.9107019848555797,2.0985415250470165,0.18783954019143678,False,False
749,750,-0.31930781685166654,-0.5001396345920446,-0.18083181774037804,True,True
750,751,3.432488354935985,3.999866337912465,0.5673779829764802,False,False
751,752,1.3255531517752264,1.2343955982020631,-0.09115755357316324,False,False
752,753,0.8315231172537922,0.6873969783804821,-0.14412613887331016,True,True
753,754,0.20176694578308751,0.16900755726272276,-0.03275938852036475,True,True
754,755,-0.0400078474973351,-0.08654900717379999,-0.04654115967646488,True,True
755,756,-0.33921477185381166,-0.5729026891248283,-0.23368791727101668,True,True
756,757,0.14725072572970266,-0.31688875715968656,-0.4641394828893892,True,True
757,758,-0.514690609290311,-0.7209495357990989,-0.20625892650878797,True,True
758,759,0.3901367771717599,0.7547583946087926,0.3646216174370327,True,True
759,760,3.0363290364832487,2.9878544367814417,-0.04847459970180701,False,False
760,761,0.8824089257324403,0.873722089435379,-0.008686836297061351,True,True
761,762,0.3618954062671147,0.2563059411070441,-0.10558946516007062,True,True
762,763,-0.011860470312387683,-0.32288631964398196,-0.3110258493315943,True,True
763,764,0.3399863290467784,0.05826900771694543,-0.28171732132983296,True,True
764,765,3.3323435223720814,3.55402979481922,0.22168627244713868,False,False
765,766,0.3719901730267172,0.3076792855590105,-0.06431088746770675,True,True
766,767,-0.912977082890924,-0.7963079712880159,0.11666911160290816,True,True
767,768,0.05328864641573183,-0.28523667910104766,-0.3385253255167795,True,True
768,769,0.37080620266055186,0.6909736391628738,0.32016743650232193,True,True
769,770,0.3574486156716179,0.6485178693948375,0.29106925372321957,True,True
770,771,1.8795723152295354,1.945364782577352,0.06579246734781652,False,False
771,772,0.08683460225638129,0.056522623473798106,-0.030311978782583182,True,True
772,773,0.002068966488095292,-0.1067558006631506,-0.1088247671512459,True,True
773,774,0.8933927475715073,1.1372275656287192,0.24383481805721186,True,True
774,775,0.39885108527556756,0.3487046508933709,-0.05014643438219668,True,True
775,776,-0.13504923287686932,-0.2267351644227098,-0.09168593154584048,True,True
776,777,-1.129351599529146,-1.0565041763515062,0.07284742317763993,True,True
777,778,0.3289588941288124,0.5230971994642313,0.19413830533541887,True,True
778,779,0.7723806232478232,0.9618584061193456,0.1894777828715224,True,True
779,780,-0.06199666963808603,-0.06438574427550936,-0.0023890746374233274,True,True
780,781,0.845618694076121,0.2947125177962153,-0.5509061762799057,False,False
781,782,5.055461581166581,5.442386415653605,0.38692483448702397,False,False
782,783,0.14242980970002161,-0.14520341657993807,-0.2876332262799597,False,False
783,784,2.0817846185519198,1.9378990191335586,-0.1438855994183612,False,False
784,785,-0.13871696504517939,0.07742360758633193,0.21614057263151132,False,False
785,786,-3.1873256423836818,0.5030370495124394,3.690362691896121,False,False
786,787,-0.1439912531113623,-0.46611175982582065,-0.32212050671445835,True,True
787,788,2.3864675019798502,2.419003032308674,0.032535530328823725,False,False
788,789,0.7979089652516169,0.9507572526156602,0.15284828736404332,True,True
789,790,-0.3337254724992067,-0.5331368637096645,-0.1994113912104578,True,True
790,791,0.5577473190546338,0.6462110325168124,0.08846371346217863,True,True
791,792,0.9231315322311007,1.0309507870812284,0.10781925485012778,True,True
792,793,-0.3343079513724696,0.8309396403004552,1.1652475916729248,False,False
793,794,0.20094673881032898,0.23942029050866553,0.03847355169833655,True,True
794,795,0.5885629640170564,0.44777836975100005,-0.14078459426605638,True,True
795,796,0.5176193883974882,0.1488641665927064,-0.3687552218047818,True,True
796,797,0.24327491330579099,0.39915701609355647,0.1558821027877655,True,True
797,798,-1.0396336023315582,-1.0184027532383597,0.0212308490931985,True,True
798,799,-0.8095504789753445,-0.9135914869934352,-0.10404100801809069,True,True
799,800,-0.32637971727207926,-1.039084442802796,-0.7127047255307168,False,False
800,801,1.6870535798124582,2.018640847081217,0.331587267268759,True,True
801,802,0.14364632393646026,0.051879846997997525,-0.09176647693846274,True,True
802,803,2.4658424384607933,2.9863133835283904,0.5204709450675971,False,False
803,804,0.49824431660995705,0.562803944284358,0.06455962767440093,True,True
804,805,0.11672387110418292,-0.03283567782832053,-0.14955954893250345,True,True
805,806,0.1380007405385717,0.16657801162877828,0.02857727109020658,True,True
806,807,-0.7700654872928574,-0.9560813890263562,-0.1860159017334988,True,True
807,808,0.2634568853979764,0.4671694663305397,0.20371258093256328,True,True
808,809,-0.025842174730786205,0.09658800869976503,0.12243018343055123,False,False
809,810,1.6868119390882867,2.0769603893065476,0.39014845021826083,True,True
810,811,0.6672231645879751,0.9108626101569794,0.2436394455690043,True,True
811,812,-0.16562374205954367,-0.21503948655269056,-0.049415744493146896,True,True
812,813,1.1801548127509065,1.2512693815537084,0.07111456880280187,True,True
813,814,0.9556189880859987,0.7372563952861313,-0.21836259279986736,True,True
814,815,0.5612498876979775,0.4616299903263643,-0.09961989737161314,True,True
815,816,-0.3780677874775984,-0.7182233888773117,-0.34015560139971335,True,True
816,817,1.5233569596245817,1.8988823520412366,0.37552539241665484,True,True
817,818,-0.4582650348567201,-0.7532349838782721,-0.29496994902155205,True,True
818,819,0.7970459576310094,0.9495456266112989,0.15249966898028955,True,True
819,820,0.28877741092982,0.5219258920584156,0.23314848112859554,True,True
820,821,0.567326807384489,0.7474086382510592,0.18008183086657015,True,True
821,822,0.48719810447040146,0.02387914705597538,-0.4633189574144261,False,False
822,823,0.2592289821955993,0.3130784257219057,0.053849443526306384,True,True
823,824,-0.04978436531572594,-0.13058185176519954,-0.0807974864494736,True,True
824,825,1.011381027760513,1.2148646093012752,0.20348358154076207,True,True
825,826,1.5286588067258435,1.5520735873648102,0.023414780638966626,False,False
826,827,-0.02995944415462759,-0.0929809204845009,-0.06302147632987332,True,True
827,828,-0.28807959118117976,-0.5079080087192391,-0.21982841753805937,True,True
828,829,0.42369590269676216,0.6000436129616182,0.17634771026485607,True,True
829,830,0.16795033417008964,0.17448950596672752,0.006539171796637877,True,True
830,831,0.1573700822841051,0.10318693038083371,-0.05418315190327139,True,True
831,832,1.9371659382537523,2.0564365738177903,0.11927063556403805,False,False
832,833,0.2772492783258378,0.25937062937291255,-0.017878648952925236,True,True
833,834,-1.6403189728094123,-1.6879653927190397,-0.04764641990962737,True,True
834,835,0.5538543126268811,0.8294490210086525,0.27559470838177136,True,True
835,836,0.45007166621735273,0.5302713288797225,0.08019966266236978,True,True
836,837,0.9022686437022087,1.2400229635035425,0.33775431980133375,True,True
837,838,0.19560839318639633,0.30266860267328966,0.10706020948689332,True,True
838,839,0.3991211298101982,0.22279227632094578,-0.17632885348925242,True,True
839,840,-0.08389001342067726,-0.15185791861906228,-0.06796790519838503,True,True
840,841,0.7642760352999134,1.1000671325057985,0.33579109720588507,True,True
841,842,-0.5524798826002844,-1.4037800518791679,-0.8513001692788835,False,False
842,843,0.46659140214984696,0.8131628051931714,0.34657140304332446,True,True
843,844,1.3894198680302328,1.7601885103493782,0.3707686423191454,True,True
844,845,0.5666901738090302,0.25041414269440576,-0.31627603111462443,True,True
845,846,-0.2695468433246848,-0.7210519462798404,-0.45150510295515556,True,True
846,847,0.2076192970327857,0.2739449284469542,0.06632563141416847,True,True
847,848,-1.4405026515306947,-0.8402553035203351,0.6002473480103596,False,False
848,849,0.41028739032971906,0.4736309670778174,0.06334357674809832,True,True
849,850,5.4105032082612645,6.755226028392649,1.3447228201313841,False,False
850,851,0.7101561710143285,1.0537340115396736,0.3435778405253451,True,True
851,852,-1.2854778151091653,-0.594165985482344,0.6913118296268213,True,True
852,853,1.2824827767079805,1.1276243192852533,-0.1548584574227272,False,False
853,854,-3.1748764628583306,-1.0640162261275439,2.1108602367307867,False,False
854,855,0.6068339992830172,0.9102433075565366,0.3034093082735194,True,True
855,856,0.9999920286018478,0.9707335883687263,-0.02925844023312152,False,False
856,857,1.4776239820580948,0.5045752433582038,-0.973048738699891,False,False
857,858,0.4023176714168457,0.7446299402449386,0.34231226882809285,True,True
858,859,0.09644262769681422,-0.32556587213165233,-0.42200849982846655,False,False
859,860,0.687220436996268,0.6660661108227632,-0.021154326173504767,True,True
860,861,-1.1954428969909028,-1.1803013209130437,0.015141576077859042,True,True
861,862,-0.18671619034407438,-0.3821255911484167,-0.19540940080434233,True,True
862,863,0.35533211548576604,0.31803717718543645,-0.037294938300329594,True,True
863,864,-0.19194675561405994,-0.47134797634298664,-0.2794012207289267,True,True
864,865,0.41857082837358917,0.5740121738216488,0.15544134544805965,True,True
865,866,0.32804406022907395,0.35334817755347414,0.025304117324400188,True,True
866,867,0.7842295261856647,1.1054218477866473,0.32119232160098266,True,True
867,868,1.6899143444566973,2.0848919918836764,0.39497764742697905,True,True
868,869,-0.2032603224583931,-0.33195407348563233,-0.12869375102723923,True,True
869,870,1.5473842860774356,1.6303948112983786,0.08301052522094299,False,False
870,871,0.38659017619366454,0.6113016616722451,0.22471148547858055,True,True
871,872,0.7141702811742228,0.698753556414081,-0.015416724760141776,True,True
872,873,0.33746909254803814,0.5613852539961557,0.22391616144811755,True,True
873,874,0.41906085964262774,0.721943920197123,0.3028830605544952,True,True
874,875,2.589353796773243,3.0525201664938804,0.4631663697206374,False,False
875,876,-1.1059906187545114,-1.2856250900629052,-0.17963447130839372,True,True
876,877,0.7305759734781927,1.0056974040116615,0.2751214305334688,True,True
877,878,0.2988120535178327,0.5476750676277891,0.24886301410995637,True,True
878,879,1.3636193943614696,1.5676493560294062,0.20402996166793663,True,True
879,880,0.29250054745189846,-0.716102475919139,-1.0086030233710375,False,False
880,881,0.09882660951703892,0.1076495011571974,0.008822891640158481,True,True
881,882,-1.699636289550929,-1.04125863236482,0.6583776571861089,False,False
882,883,0.39684900074732266,0.5322429459249478,0.13539394517762515,True,True
883,884,-1.677551050586147,-1.0952732243321792,0.5822778262539678,True,True
884,885,-0.28718373026607713,-0.6963089596364211,-0.409125229370344,True,True
885,886,1.903942154687905,2.069584881587984,0.16564272690007886,False,False
886,887,0.5176884457669071,0.7549171513984692,0.23722870563156206,True,True
887,888,-0.16153604943351896,-0.6188820568250275,-0.45734600739150855,True,True
888,889,-0.6458412844673331,-0.7239811377932526,-0.07813985332591944,True,True
889,890,0.22518057589509377,0.36762195583049007,0.1424413799353963,True,True
890,891,1.2359738394747062,1.159223298639052,-0.07675054083565414,False,False
891,892,0.7126465065975878,0.5107595142501751,-0.2018869923474127,True,True
892,893,0.12408265251687078,0.14933666249618938,0.025254009979318592,True,True
893,894,1.878129322884555,2.265503514323269,0.3873741914387141,True,True
894,895,0.9604670690324797,0.8854448600250056,-0.07502220900747414,True,True
895,896,1.7914790609234732,1.9900414816532583,0.19856242072978514,False,False
896,897,0.16258791341533207,0.26392825380360874,0.10134034038827666,True,True
897,898,0.2850149836895106,0.5145939482136122,0.22957896452410154,True,True
898,899,0.37069620736032904,0.6742655525324923,0.3035693451721633,True,True
899,900,0.6860801789286857,0.09264463527928868,-0.593435543649397,False,False
900,901,0.12983972485409145,0.14855047780340946,0.01871075294931801,True,True
901,902,0.3983281168931514,0.37153349245581335,-0.026794624437338044,True,True
902,903,0.3373593625038023,0.5735801620370284,0.23622079953322617,True,True
903,904,2.2997307773323667,1.6548269711171795,-0.6449038062151873,False,False
904,905,0.5050398167123493,0.36950248473696234,-0.13553733197538698,True,True
905,906,0.32737052111086395,0.5658098190218248,0.23843929791096086,True,True
906,907,0.046608237124567964,-0.16589539707663814,-0.2125036342012061,True,True
907,908,1.734127682970346,1.661882962738809,-0.07224472023153705,False,False
908,909,0.12318561409581763,-0.11270057373281173,-0.23588618782862936,True,True
909,910,0.824931438410228,0.9832435367051735,0.15831209829494552,True,True
910,911,-0.590216567113198,-0.7759274374558087,-0.1857108703426107,True,True
911,912,0.3140875374208556,0.5674755487391092,0.2533880113182536,True,True
912,913,-1.330388429137951,-1.1928498355215442,0.13753859361640686,True,True
913,914,-0.6830937574065672,-1.210235582098755,-0.5271418246921877,False,False
914,915,0.44586011958432614,0.4438172861475618,-0.0020428334367643686,True,True
915,916,-0.7349494449413347,-0.7774085769345005,-0.042459131993165755,True,True
916,917,-0.32689401649189165,-0.37705494887024127,-0.05016093237834962,False,False
917,918,0.7832663777739923,0.8712213323230542,0.08795495454906188,True,True
918,919,0.08806500606424006,0.09462258941023904,0.006557583345998985,True,True
919,920,0.6315222586024878,0.7597894181708931,0.1282671595684053,True,True
920,921,-3.7995861625506366,-1.563914649985012,2.2356715125656246,False,False
921,922,-1.4260318375225047,-2.0886264614968617,-0.662594623974357,False,False
922,923,0.1842705455964171,0.09594453501524125,-0.08832601058117584,True,True
923,924,-1.9741484014206678,-0.9256553209882101,1.0484930804324577,True,False
924,925,1.7549601399890795,1.700955110349379,-0.05400502963970055,False,False
925,926,-0.34002085335898746,-0.4531860626511328,-0.11316520929214535,True,True
926,927,2.8340530715254193,3.1418044698207632,0.3077513982953439,False,False
927,928,-0.24703276492538073,-0.7519158126529737,-0.504883047727593,True,True
928,929,0.30065739594942187,0.5556282253536136,0.2549708294041917,True,True
929,930,0.21382480295716366,0.35236919457132254,0.13854439161415888,True,True
930,931,0.09056603566424926,-0.087732331344891,-0.17829836700914026,True,True
931,932,-0.6270948538154242,-0.7850216375141041,-0.15792678369867996,True,True
932,933,0.12191566722436775,0.1391198897346233,0.01720422251025555,True,True
933,934,1.517882226487381,1.8262137091907906,0.3083314827034096,True,True
934,935,-2.988521037894273,-1.5850537414901744,1.4034672964040986,False,False
935,936,0.09867694468454502,-0.0726192479966361,-0.17129619268118113,True,True
936,937,0.23869664613781216,0.3697369007424651,0.13104025460465296,True,True
937,938,0.7519914103999508,0.4570545089610043,-0.29493690143894646,True,False
938,939,1.215607002314341,1.2824605906008104,0.06685358828646937,True,True
939,940,0.4994208615903091,0.6726109245879455,0.1731900629976364,True,True
940,941,-0.2936707330155519,-0.37133033336532595,-0.07765960034977404,True,True
941,942,1.54353838574679,1.434948900857301,-0.10858948488948883,False,False
942,943,0.55629317150717,0.8138154441452357,0.2575222726380657,True,True
943,944,-1.1920156873590164,-1.1337067788318844,0.058308908527132,True,True
944,945,1.0145338436776106,1.3465707636331485,0.33203691995553797,True,True
945,946,0.125028142617428,-0.042144052463656934,-0.16717219508108494,True,True
946,947,0.5267147759074282,0.6218022546314517,0.09508747872402346,True,True
947,948,1.1196925144647034,0.4118639320413289,-0.7078285824233745,False,False
948,949,0.6067994696460701,0.731879499625192,0.12508002997912193,True,True
949,950,0.33704096406240014,0.47696773382397417,0.13992676976157403,True,True
950,951,0.40980891855162405,0.5760853467729521,0.16627642822132804,True,True
951,952,10.499693622093154,13.108805732122693,2.609112110029539,False,False
952,953,0.7224287283426207,0.7772586247449818,0.05482989640236102,True,True
953,954,-0.22326654908060606,-0.3248892062932054,-0.10162265721259933,True,True
954,955,0.48754512349615586,0.7304098291622965,0.2428647056661406,True,True
955,956,0.6298499859548099,0.8702117308355151,0.24036174488070516,True,True
956,957,-2.675117678175102,-1.917194535902028,0.7579231422730741,False,False
957,958,0.029346921800255554,-0.00288622977754871,-0.032233151577804264,True,True
958,959,-0.4751303946368335,-0.4823315776223085,-0.007201182985475008,True,True
959,960,0.24667918687969825,0.41358214388066905,0.1669029570009708,True,True
960,961,1.970545061884513,2.1578547440912663,0.18730968220675326,False,False
961,962,0.6558304457372439,0.6066865151321803,-0.04914393060506361,True,True
962,963,0.20906659992486976,0.3492470692173528,0.14018046929248307,True,True
963,964,0.42972019554145247,0.7379641864701867,0.3082439909287342,True,True
964,965,-0.14712642501396012,-0.2476979306213467,-0.10057150560738659,True,True
965,966,0.225749763319385,0.28422838625418523,0.05847862293480022,True,True
966,967,0.47086875506133596,0.6046506283416693,0.1337818732803333,True,True
967,968,0.3117806203367799,0.06540405937452132,-0.24637656096225857,True,True
968,969,0.37906014237494334,0.5140741771234763,0.1350140347485329,True,True
969,970,0.148518571698105,0.13006774507123842,-0.01845082662686659,True,True
970,971,-0.1741111747258195,-0.3208017830806309,-0.1466906083548114,True,True
971,972,0.7327654881883046,0.5817752186096392,-0.15099026957866535,False,False
972,973,0.038658554812252444,0.015350612285960352,-0.02330794252629209,True,True
973,974,0.05854151949781761,-0.013014873181793618,-0.07155639267961122,True,True
974,975,-0.08622167845294637,-0.38658400649177427,-0.3003623280388279,True,True
975,976,0.5319756688045212,0.8670418263426183,0.3350661575380971,True,True
976,977,-1.2037581871207594,-1.8421294871198493,-0.6383712999990898,False,False
977,978,0.1491839859477615,-0.13062890406302774,-0.27981289001078924,True,True
978,979,-0.6037457575089187,-0.7970086310692466,-0.1932628735603279,True,True
979,980,0.3806410348554774,0.4037197983836651,0.023078763528187718,True,True
980,981,0.5460084449085101,0.9009558202357422,0.3549473753272321,True,True
981,982,0.5531054247425451,0.7977814063739732,0.24467598163142812,True,True
982,983,-0.5669433025257744,-0.40643894148789705,0.16050436103787735,True,True
983,984,0.35599519170135707,0.6828693708824591,0.32687417918110206,True,True
984,985,-0.27349792379422055,-0.4037672453713572,-0.13026932157713667,True,True
985,986,0.20581967383271937,0.24631430986691427,0.0404946360341949,True,True
986,987,0.036126030337699344,0.020115688309858104,-0.01601034202784124,True,True
987,988,0.3465803765757589,0.6429178013751118,0.2963374247993529,True,True
988,989,0.1238432737565418,0.15131622466780392,0.027472950911262117,True,True
989,990,0.3723282135945065,0.6079209524001863,0.23559273880567977,True,True
990,991,0.34825649216590726,-0.4233881371120516,-0.7716446292779588,False,False
991,992,1.170697408493898,1.1338252215654823,-0.03687218692841565,True,True
992,993,0.3930408573147939,0.6398735842603793,0.24683272694558545,True,True
993,994,-0.13168125750562965,-0.24977868050289054,-0.11809742299726089,True,True
994,995,-0.3140064359231842,-0.53511092690428,-0.22110449098109575,True,True
995,996,2.0099890837617576,2.385455809429623,0.37546672566786565,False,False
996,997,0.19377786503246597,0.3043259748369227,0.11054810980445673,True,True
997,998,0.3522661329204162,0.6375175409800944,0.2852514080596782,True,True
998,999,0.08032533754731297,-0.32621018860529105,-0.406535526152604,False,False
999,1000,0.18366029864732214,0.28286664182746657,0.09920634318014443,True,True
